label,attempt,target_hw,flow_hint,seed_flow,result_flow,result_hw,result_outlet_velocity,flow_type,length_full_m,length_free_m,upstream_hw,downstream_tw,inlet_invert,outlet_invert,culvert_length,culvert_slope,barrel_count,section_shape,section_diameter,section_width,section_height,roadway_crest,workspace,rst_path,row_index
Culvert-01-hw5.00,0,551.100000,25.014783,0.000000,0.000000,546.500000,0.000000,0-NF,0.000000,0.000000,551.100000,546.500000,546.100000,546.000000,25.000000,0.004000,10,circular,0.900000,,,564.100000,hy8_runs\hy8-Culvert-01-hw5.00-9cb4dd,hy8_runs\hy8-Culvert-01-hw5.00-9cb4dd\circular_hy8-Culvert-01-hw5.00-9cb4dd.rst,1
Culvert-01-hw5.00,0,551.100000,25.014783,15.008870,15.010000,547.930000,2.740000,7-M2c,20.410000,4.590000,551.100000,546.500000,546.100000,546.000000,25.000000,0.004000,10,circular,0.900000,,,564.100000,hy8_runs\hy8-Culvert-01-hw5.00-9cb4dd,hy8_runs\hy8-Culvert-01-hw5.00-9cb4dd\circular_hy8-Culvert-01-hw5.00-9cb4dd.rst,2
Culvert-01-hw5.00,0,551.100000,25.014783,20.011826,20.010000,548.860000,3.320000,7-M2c,24.010000,0.990000,551.100000,546.500000,546.100000,546.000000,25.000000,0.004000,10,circular,0.900000,,,564.100000,hy8_runs\hy8-Culvert-01-hw5.00-9cb4dd,hy8_runs\hy8-Culvert-01-hw5.00-9cb4dd\circular_hy8-Culvert-01-hw5.00-9cb4dd.rst,3
Culvert-01-hw5.00,0,551.100000,25.014783,22.513305,22.510000,549.400000,3.650000,7-M2c,24.530000,0.470000,551.100000,546.500000,546.100000,546.000000,25.000000,0.004000,10,circular,0.900000,,,564.100000,hy8_runs\hy8-Culvert-01-hw5.00-9cb4dd,hy8_runs\hy8-Culvert-01-hw5.00-9cb4dd\circular_hy8-Culvert-01-hw5.00-9cb4dd.rst,4
Culvert-01-hw5.00,0,551.100000,25.014783,25.014783,25.010000,550.000000,4.000000,7-M2c,24.750000,0.250000,551.100000,546.500000,546.100000,546.000000,25.000000,0.004000,10,circular,0.900000,,,564.100000,hy8_runs\hy8-Culvert-01-hw5.00-9cb4dd,hy8_runs\hy8-Culvert-01-hw5.00-9cb4dd\circular_hy8-Culvert-01-hw5.00-9cb4dd.rst,5
Culvert-01-hw5.00,0,551.100000,25.014783,27.516261,27.520000,550.670000,4.730000,7-M2c,25.000000,0.000000,551.100000,546.500000,546.100000,546.000000,25.000000,0.004000,10,circular,0.900000,,,564.100000,hy8_runs\hy8-Culvert-01-hw5.00-9cb4dd,hy8_runs\hy8-Culvert-01-hw5.00-9cb4dd\circular_hy8-Culvert-01-hw5.00-9cb4dd.rst,6
Culvert-01-hw5.00,0,551.100000,25.014783,30.017740,30.020000,551.380000,4.720000,6-FFc,25.000000,0.000000,551.100000,546.500000,546.100000,546.000000,25.000000,0.004000,10,circular,0.900000,,,564.100000,hy8_runs\hy8-Culvert-01-hw5.00-9cb4dd,hy8_runs\hy8-Culvert-01-hw5.00-9cb4dd\circular_hy8-Culvert-01-hw5.00-9cb4dd.rst,7
Culvert-01-hw5.00,0,551.100000,25.014783,35.020696,35.020000,553.000000,5.500000,6-FFc,25.000000,0.000000,551.100000,546.500000,546.100000,546.000000,25.000000,0.004000,10,circular,0.900000,,,564.100000,hy8_runs\hy8-Culvert-01-hw5.00-9cb4dd,hy8_runs\hy8-Culvert-01-hw5.00-9cb4dd\circular_hy8-Culvert-01-hw5.00-9cb4dd.rst,8
Culvert-01-Q5.00,0,546.100000,5.000000,0.000000,0.000000,546.500000,0.000000,0-NF,0.000000,0.000000,546.100000,546.500000,546.100000,546.000000,25.000000,0.004000,10,circular,0.900000,,,564.100000,hy8_runs\hy8-Culvert-01-Q5.00-3def2d,hy8_runs\hy8-Culvert-01-Q5.00-3def2d\circular_hy8-Culvert-01-Q5.00-3def2d.rst,1
Culvert-01-Q5.00,0,546.100000,5.000000,3.000000,3.000000,546.650000,0.830000,3-M1t,0.000000,25.000000,546.100000,546.500000,546.100000,546.000000,25.000000,0.004000,10,circular,0.900000,,,564.100000,hy8_runs\hy8-Culvert-01-Q5.00-3def2d,hy8_runs\hy8-Culvert-01-Q5.00-3def2d\circular_hy8-Culvert-01-Q5.00-3def2d.rst,2
Culvert-01-Q5.00,0,546.100000,5.000000,4.250000,4.250000,546.740000,1.170000,3-M2t,0.000000,25.000000,546.100000,546.500000,546.100000,546.000000,25.000000,0.004000,10,circular,0.900000,,,564.100000,hy8_runs\hy8-Culvert-01-Q5.00-3def2d,hy8_runs\hy8-Culvert-01-Q5.00-3def2d\circular_hy8-Culvert-01-Q5.00-3def2d.rst,3
Culvert-01-Q5.00,0,546.100000,5.000000,5.000000,5.000000,546.800000,1.380000,3-M2t,0.000000,25.000000,546.100000,546.500000,546.100000,546.000000,25.000000,0.004000,10,circular,0.900000,,,564.100000,hy8_runs\hy8-Culvert-01-Q5.00-3def2d,hy8_runs\hy8-Culvert-01-Q5.00-3def2d\circular_hy8-Culvert-01-Q5.00-3def2d.rst,4
Culvert-01-Q5.00,0,546.100000,5.000000,5.750000,5.750000,546.860000,1.580000,3-M2t,0.000000,25.000000,546.100000,546.500000,546.100000,546.000000,25.000000,0.004000,10,circular,0.900000,,,564.100000,hy8_runs\hy8-Culvert-01-Q5.00-3def2d,hy8_runs\hy8-Culvert-01-Q5.00-3def2d\circular_hy8-Culvert-01-Q5.00-3def2d.rst,5
Culvert-02-hw5.00,0,553.000000,30.973552,0.000000,0.000000,548.000000,0.000000,0-NF,0.000000,0.000000,553.000000,547.900000,548.000000,547.400000,25.000000,0.024000,8,circular,1.200000,,,572.000000,hy8_runs\hy8-Culvert-02-hw5.00-786ff5,hy8_runs\hy8-Culvert-02-hw5.00-786ff5\circular_hy8-Culvert-02-hw5.00-786ff5.rst,1
Culvert-02-hw5.00,0,553.000000,30.973552,18.584131,18.580000,549.510000,3.140000,5-S2n,0.000000,25.000000,553.000000,547.900000,548.000000,547.400000,25.000000,0.024000,8,circular,1.200000,,,572.000000,hy8_runs\hy8-Culvert-02-hw5.00-786ff5,hy8_runs\hy8-Culvert-02-hw5.00-786ff5\circular_hy8-Culvert-02-hw5.00-786ff5.rst,2
Culvert-02-hw5.00,0,553.000000,30.973552,24.778842,24.780000,550.070000,3.290000,5-S2n,0.000000,25.000000,553.000000,547.900000,548.000000,547.400000,25.000000,0.024000,8,circular,1.200000,,,572.000000,hy8_runs\hy8-Culvert-02-hw5.00-786ff5,hy8_runs\hy8-Culvert-02-hw5.00-786ff5\circular_hy8-Culvert-02-hw5.00-786ff5.rst,3
Culvert-02-hw5.00,0,553.000000,30.973552,27.876197,27.880000,550.420000,3.410000,7-M2c,0.000000,25.000000,553.000000,547.900000,548.000000,547.400000,25.000000,0.024000,8,circular,1.200000,,,572.000000,hy8_runs\hy8-Culvert-02-hw5.00-786ff5,hy8_runs\hy8-Culvert-02-hw5.00-786ff5\circular_hy8-Culvert-02-hw5.00-786ff5.rst,4
Culvert-02-hw5.00,0,553.000000,30.973552,30.973552,30.970000,550.820000,3.660000,7-M2c,16.250000,8.750000,553.000000,547.900000,548.000000,547.400000,25.000000,0.024000,8,circular,1.200000,,,572.000000,hy8_runs\hy8-Culvert-02-hw5.00-786ff5,hy8_runs\hy8-Culvert-02-hw5.00-786ff5\circular_hy8-Culvert-02-hw5.00-786ff5.rst,5
Culvert-02-hw5.00,0,553.000000,30.973552,34.070907,34.070000,551.270000,3.940000,7-M2c,22.020000,2.980000,553.000000,547.900000,548.000000,547.400000,25.000000,0.024000,8,circular,1.200000,,,572.000000,hy8_runs\hy8-Culvert-02-hw5.00-786ff5,hy8_runs\hy8-Culvert-02-hw5.00-786ff5\circular_hy8-Culvert-02-hw5.00-786ff5.rst,6
Culvert-02-hw5.00,0,553.000000,30.973552,37.168262,37.170000,551.770000,4.230000,7-M2c,23.630000,1.370000,553.000000,547.900000,548.000000,547.400000,25.000000,0.024000,8,circular,1.200000,,,572.000000,hy8_runs\hy8-Culvert-02-hw5.00-786ff5,hy8_runs\hy8-Culvert-02-hw5.00-786ff5\circular_hy8-Culvert-02-hw5.00-786ff5.rst,7
Culvert-02-hw5.00,0,553.000000,30.973552,43.362973,43.360000,552.910000,4.990000,7-M2c,24.960000,0.040000,553.000000,547.900000,548.000000,547.400000,25.000000,0.024000,8,circular,1.200000,,,572.000000,hy8_runs\hy8-Culvert-02-hw5.00-786ff5,hy8_runs\hy8-Culvert-02-hw5.00-786ff5\circular_hy8-Culvert-02-hw5.00-786ff5.rst,8
Culvert-02-hw5.00,1,553.000000,30.973552,0.000000,0.000000,548.000000,0.000000,0-NF,0.000000,0.000000,553.000000,547.900000,548.000000,547.400000,25.000000,0.024000,8,circular,1.200000,,,572.000000,hy8_runs\hy8-Culvert-02-hw5.00-dddba1,hy8_runs\hy8-Culvert-02-hw5.00-dddba1\circular_hy8-Culvert-02-hw5.00-dddba1.rst,1
Culvert-02-hw5.00,1,553.000000,30.973552,18.584131,18.580000,549.510000,3.140000,5-S2n,0.000000,25.000000,553.000000,547.900000,548.000000,547.400000,25.000000,0.024000,8,circular,1.200000,,,572.000000,hy8_runs\hy8-Culvert-02-hw5.00-dddba1,hy8_runs\hy8-Culvert-02-hw5.00-dddba1\circular_hy8-Culvert-02-hw5.00-dddba1.rst,2
Culvert-02-hw5.00,1,553.000000,30.973552,24.778842,24.780000,550.070000,3.290000,5-S2n,0.000000,25.000000,553.000000,547.900000,548.000000,547.400000,25.000000,0.024000,8,circular,1.200000,,,572.000000,hy8_runs\hy8-Culvert-02-hw5.00-dddba1,hy8_runs\hy8-Culvert-02-hw5.00-dddba1\circular_hy8-Culvert-02-hw5.00-dddba1.rst,3
Culvert-02-hw5.00,1,553.000000,30.973552,27.876197,27.880000,550.420000,3.410000,7-M2c,0.000000,25.000000,553.000000,547.900000,548.000000,547.400000,25.000000,0.024000,8,circular,1.200000,,,572.000000,hy8_runs\hy8-Culvert-02-hw5.00-dddba1,hy8_runs\hy8-Culvert-02-hw5.00-dddba1\circular_hy8-Culvert-02-hw5.00-dddba1.rst,4
Culvert-02-hw5.00,1,553.000000,30.973552,30.973552,30.970000,550.820000,3.660000,7-M2c,16.250000,8.750000,553.000000,547.900000,548.000000,547.400000,25.000000,0.024000,8,circular,1.200000,,,572.000000,hy8_runs\hy8-Culvert-02-hw5.00-dddba1,hy8_runs\hy8-Culvert-02-hw5.00-dddba1\circular_hy8-Culvert-02-hw5.00-dddba1.rst,5
Culvert-02-hw5.00,1,553.000000,30.973552,34.070907,34.070000,551.270000,3.940000,7-M2c,22.020000,2.980000,553.000000,547.900000,548.000000,547.400000,25.000000,0.024000,8,circular,1.200000,,,572.000000,hy8_runs\hy8-Culvert-02-hw5.00-dddba1,hy8_runs\hy8-Culvert-02-hw5.00-dddba1\circular_hy8-Culvert-02-hw5.00-dddba1.rst,6
Culvert-02-hw5.00,1,553.000000,30.973552,37.168262,37.170000,551.770000,4.230000,7-M2c,23.630000,1.370000,553.000000,547.900000,548.000000,547.400000,25.000000,0.024000,8,circular,1.200000,,,572.000000,hy8_runs\hy8-Culvert-02-hw5.00-dddba1,hy8_runs\hy8-Culvert-02-hw5.00-dddba1\circular_hy8-Culvert-02-hw5.00-dddba1.rst,7
Culvert-02-hw5.00,1,553.000000,30.973552,43.362973,43.360000,552.910000,4.990000,7-M2c,24.960000,0.040000,553.000000,547.900000,548.000000,547.400000,25.000000,0.024000,8,circular,1.200000,,,572.000000,hy8_runs\hy8-Culvert-02-hw5.00-dddba1,hy8_runs\hy8-Culvert-02-hw5.00-dddba1\circular_hy8-Culvert-02-hw5.00-dddba1.rst,8
Culvert-02-hw5.00,1,553.000000,30.973552,86.725946,86.730000,565.860000,9.590000,6-FFc,25.010000,0.000000,553.000000,547.900000,548.000000,547.400000,25.000000,0.024000,8,circular,1.200000,,,572.000000,hy8_runs\hy8-Culvert-02-hw5.00-dddba1,hy8_runs\hy8-Culvert-02-hw5.00-dddba1\circular_hy8-Culvert-02-hw5.00-dddba1.rst,9
Culvert-03-hw5.00,0,15.000000,7.916548,0.000000,0.000000,10.000000,0.000000,0-NF,0.000000,0.000000,15.000000,9.600000,10.000000,9.100000,25.000000,0.036000,1,circular,3.000000,,,70.000000,hy8_runs\hy8-Culvert-03-hw5.00-5e4fd2,hy8_runs\hy8-Culvert-03-hw5.00-5e4fd2\circular_hy8-Culvert-03-hw5.00-5e4fd2.rst,1
Culvert-03-hw5.00,0,15.000000,7.916548,4.749929,4.750000,11.330000,4.070000,1-S2n,0.000000,25.000000,15.000000,9.600000,10.000000,9.100000,25.000000,0.036000,1,circular,3.000000,,,70.000000,hy8_runs\hy8-Culvert-03-hw5.00-5e4fd2,hy8_runs\hy8-Culvert-03-hw5.00-5e4fd2\circular_hy8-Culvert-03-hw5.00-5e4fd2.rst,2
Culvert-03-hw5.00,0,15.000000,7.916548,6.333238,6.330000,11.560000,4.360000,1-S2n,0.000000,25.000000,15.000000,9.600000,10.000000,9.100000,25.000000,0.036000,1,circular,3.000000,,,70.000000,hy8_runs\hy8-Culvert-03-hw5.00-5e4fd2,hy8_runs\hy8-Culvert-03-hw5.00-5e4fd2\circular_hy8-Culvert-03-hw5.00-5e4fd2.rst,3
Culvert-03-hw5.00,0,15.000000,7.916548,7.124893,7.120000,11.670000,4.490000,1-S2n,0.000000,25.000000,15.000000,9.600000,10.000000,9.100000,25.000000,0.036000,1,circular,3.000000,,,70.000000,hy8_runs\hy8-Culvert-03-hw5.00-5e4fd2,hy8_runs\hy8-Culvert-03-hw5.00-5e4fd2\circular_hy8-Culvert-03-hw5.00-5e4fd2.rst,4
Culvert-03-hw5.00,0,15.000000,7.916548,7.916548,7.920000,11.770000,4.600000,1-S2n,0.000000,25.000000,15.000000,9.600000,10.000000,9.100000,25.000000,0.036000,1,circular,3.000000,,,70.000000,hy8_runs\hy8-Culvert-03-hw5.00-5e4fd2,hy8_runs\hy8-Culvert-03-hw5.00-5e4fd2\circular_hy8-Culvert-03-hw5.00-5e4fd2.rst,5
Culvert-03-hw5.00,0,15.000000,7.916548,8.708203,8.710000,11.880000,4.710000,1-S2n,0.000000,25.000000,15.000000,9.600000,10.000000,9.100000,25.000000,0.036000,1,circular,3.000000,,,70.000000,hy8_runs\hy8-Culvert-03-hw5.00-5e4fd2,hy8_runs\hy8-Culvert-03-hw5.00-5e4fd2\circular_hy8-Culvert-03-hw5.00-5e4fd2.rst,6
Culvert-03-hw5.00,0,15.000000,7.916548,9.499858,9.500000,11.980000,4.800000,1-S2n,0.000000,25.000000,15.000000,9.600000,10.000000,9.100000,25.000000,0.036000,1,circular,3.000000,,,70.000000,hy8_runs\hy8-Culvert-03-hw5.00-5e4fd2,hy8_runs\hy8-Culvert-03-hw5.00-5e4fd2\circular_hy8-Culvert-03-hw5.00-5e4fd2.rst,7
Culvert-03-hw5.00,0,15.000000,7.916548,11.083167,11.080000,12.180000,4.980000,1-S2n,0.000000,25.000000,15.000000,9.600000,10.000000,9.100000,25.000000,0.036000,1,circular,3.000000,,,70.000000,hy8_runs\hy8-Culvert-03-hw5.00-5e4fd2,hy8_runs\hy8-Culvert-03-hw5.00-5e4fd2\circular_hy8-Culvert-03-hw5.00-5e4fd2.rst,8
Culvert-03-hw5.00,1,15.000000,7.916548,0.000000,0.000000,10.000000,0.000000,0-NF,0.000000,0.000000,15.000000,9.600000,10.000000,9.100000,25.000000,0.036000,1,circular,3.000000,,,70.000000,hy8_runs\hy8-Culvert-03-hw5.00-5672f9,hy8_runs\hy8-Culvert-03-hw5.00-5672f9\circular_hy8-Culvert-03-hw5.00-5672f9.rst,1
Culvert-03-hw5.00,1,15.000000,7.916548,4.749929,4.750000,11.330000,4.070000,1-S2n,0.000000,25.000000,15.000000,9.600000,10.000000,9.100000,25.000000,0.036000,1,circular,3.000000,,,70.000000,hy8_runs\hy8-Culvert-03-hw5.00-5672f9,hy8_runs\hy8-Culvert-03-hw5.00-5672f9\circular_hy8-Culvert-03-hw5.00-5672f9.rst,2
Culvert-03-hw5.00,1,15.000000,7.916548,6.333238,6.330000,11.560000,4.360000,1-S2n,0.000000,25.000000,15.000000,9.600000,10.000000,9.100000,25.000000,0.036000,1,circular,3.000000,,,70.000000,hy8_runs\hy8-Culvert-03-hw5.00-5672f9,hy8_runs\hy8-Culvert-03-hw5.00-5672f9\circular_hy8-Culvert-03-hw5.00-5672f9.rst,3
Culvert-03-hw5.00,1,15.000000,7.916548,7.124893,7.120000,11.670000,4.490000,1-S2n,0.000000,25.000000,15.000000,9.600000,10.000000,9.100000,25.000000,0.036000,1,circular,3.000000,,,70.000000,hy8_runs\hy8-Culvert-03-hw5.00-5672f9,hy8_runs\hy8-Culvert-03-hw5.00-5672f9\circular_hy8-Culvert-03-hw5.00-5672f9.rst,4
Culvert-03-hw5.00,1,15.000000,7.916548,7.916548,7.920000,11.770000,4.600000,1-S2n,0.000000,25.000000,15.000000,9.600000,10.000000,9.100000,25.000000,0.036000,1,circular,3.000000,,,70.000000,hy8_runs\hy8-Culvert-03-hw5.00-5672f9,hy8_runs\hy8-Culvert-03-hw5.00-5672f9\circular_hy8-Culvert-03-hw5.00-5672f9.rst,5
Culvert-03-hw5.00,1,15.000000,7.916548,8.708203,8.710000,11.880000,4.710000,1-S2n,0.000000,25.000000,15.000000,9.600000,10.000000,9.100000,25.000000,0.036000,1,circular,3.000000,,,70.000000,hy8_runs\hy8-Culvert-03-hw5.00-5672f9,hy8_runs\hy8-Culvert-03-hw5.00-5672f9\circular_hy8-Culvert-03-hw5.00-5672f9.rst,6
Culvert-03-hw5.00,1,15.000000,7.916548,9.499858,9.500000,11.980000,4.800000,1-S2n,0.000000,25.000000,15.000000,9.600000,10.000000,9.100000,25.000000,0.036000,1,circular,3.000000,,,70.000000,hy8_runs\hy8-Culvert-03-hw5.00-5672f9,hy8_runs\hy8-Culvert-03-hw5.00-5672f9\circular_hy8-Culvert-03-hw5.00-5672f9.rst,7
Culvert-03-hw5.00,1,15.000000,7.916548,11.083167,11.080000,12.180000,4.980000,1-S2n,0.000000,25.000000,15.000000,9.600000,10.000000,9.100000,25.000000,0.036000,1,circular,3.000000,,,70.000000,hy8_runs\hy8-Culvert-03-hw5.00-5672f9,hy8_runs\hy8-Culvert-03-hw5.00-5672f9\circular_hy8-Culvert-03-hw5.00-5672f9.rst,8
Culvert-03-hw5.00,1,15.000000,7.916548,22.166334,22.170000,13.650000,5.850000,5-S2n,0.000000,25.000000,15.000000,9.600000,10.000000,9.100000,25.000000,0.036000,1,circular,3.000000,,,70.000000,hy8_runs\hy8-Culvert-03-hw5.00-5672f9,hy8_runs\hy8-Culvert-03-hw5.00-5672f9\circular_hy8-Culvert-03-hw5.00-5672f9.rst,9
Culvert-03-hw5.00,2,15.000000,7.916548,0.000000,0.000000,10.000000,0.000000,0-NF,0.000000,0.000000,15.000000,9.600000,10.000000,9.100000,25.000000,0.036000,1,circular,3.000000,,,70.000000,hy8_runs\hy8-Culvert-03-hw5.00-53e572,hy8_runs\hy8-Culvert-03-hw5.00-53e572\circular_hy8-Culvert-03-hw5.00-53e572.rst,1
Culvert-03-hw5.00,2,15.000000,7.916548,4.749929,4.750000,11.330000,4.070000,1-S2n,0.000000,25.000000,15.000000,9.600000,10.000000,9.100000,25.000000,0.036000,1,circular,3.000000,,,70.000000,hy8_runs\hy8-Culvert-03-hw5.00-53e572,hy8_runs\hy8-Culvert-03-hw5.00-53e572\circular_hy8-Culvert-03-hw5.00-53e572.rst,2
Culvert-03-hw5.00,2,15.000000,7.916548,6.333238,6.330000,11.560000,4.360000,1-S2n,0.000000,25.000000,15.000000,9.600000,10.000000,9.100000,25.000000,0.036000,1,circular,3.000000,,,70.000000,hy8_runs\hy8-Culvert-03-hw5.00-53e572,hy8_runs\hy8-Culvert-03-hw5.00-53e572\circular_hy8-Culvert-03-hw5.00-53e572.rst,3
Culvert-03-hw5.00,2,15.000000,7.916548,7.124893,7.120000,11.670000,4.490000,1-S2n,0.000000,25.000000,15.000000,9.600000,10.000000,9.100000,25.000000,0.036000,1,circular,3.000000,,,70.000000,hy8_runs\hy8-Culvert-03-hw5.00-53e572,hy8_runs\hy8-Culvert-03-hw5.00-53e572\circular_hy8-Culvert-03-hw5.00-53e572.rst,4
Culvert-03-hw5.00,2,15.000000,7.916548,7.916548,7.920000,11.770000,4.600000,1-S2n,0.000000,25.000000,15.000000,9.600000,10.000000,9.100000,25.000000,0.036000,1,circular,3.000000,,,70.000000,hy8_runs\hy8-Culvert-03-hw5.00-53e572,hy8_runs\hy8-Culvert-03-hw5.00-53e572\circular_hy8-Culvert-03-hw5.00-53e572.rst,5
Culvert-03-hw5.00,2,15.000000,7.916548,8.708203,8.710000,11.880000,4.710000,1-S2n,0.000000,25.000000,15.000000,9.600000,10.000000,9.100000,25.000000,0.036000,1,circular,3.000000,,,70.000000,hy8_runs\hy8-Culvert-03-hw5.00-53e572,hy8_runs\hy8-Culvert-03-hw5.00-53e572\circular_hy8-Culvert-03-hw5.00-53e572.rst,6
Culvert-03-hw5.00,2,15.000000,7.916548,9.499858,9.500000,11.980000,4.800000,1-S2n,0.000000,25.000000,15.000000,9.600000,10.000000,9.100000,25.000000,0.036000,1,circular,3.000000,,,70.000000,hy8_runs\hy8-Culvert-03-hw5.00-53e572,hy8_runs\hy8-Culvert-03-hw5.00-53e572\circular_hy8-Culvert-03-hw5.00-53e572.rst,7
Culvert-03-hw5.00,2,15.000000,7.916548,11.083167,11.080000,12.180000,4.980000,1-S2n,0.000000,25.000000,15.000000,9.600000,10.000000,9.100000,25.000000,0.036000,1,circular,3.000000,,,70.000000,hy8_runs\hy8-Culvert-03-hw5.00-53e572,hy8_runs\hy8-Culvert-03-hw5.00-53e572\circular_hy8-Culvert-03-hw5.00-53e572.rst,8
Culvert-03-hw5.00,2,15.000000,7.916548,22.166334,22.170000,13.650000,5.850000,5-S2n,0.000000,25.000000,15.000000,9.600000,10.000000,9.100000,25.000000,0.036000,1,circular,3.000000,,,70.000000,hy8_runs\hy8-Culvert-03-hw5.00-53e572,hy8_runs\hy8-Culvert-03-hw5.00-53e572\circular_hy8-Culvert-03-hw5.00-53e572.rst,9
Culvert-03-hw5.00,2,15.000000,7.916548,44.332668,44.330000,18.870000,7.090000,5-S2n,0.000000,25.000000,15.000000,9.600000,10.000000,9.100000,25.000000,0.036000,1,circular,3.000000,,,70.000000,hy8_runs\hy8-Culvert-03-hw5.00-53e572,hy8_runs\hy8-Culvert-03-hw5.00-53e572\circular_hy8-Culvert-03-hw5.00-53e572.rst,10
Culvert-03-Q5.00,0,10.000000,5.000000,0.000000,0.000000,10.000000,0.000000,0-NF,0.000000,0.000000,10.000000,9.600000,10.000000,9.100000,25.000000,0.036000,1,circular,3.000000,,,70.000000,hy8_runs\hy8-Culvert-03-Q5.00-389442,hy8_runs\hy8-Culvert-03-Q5.00-389442\circular_hy8-Culvert-03-Q5.00-389442.rst,1
Culvert-03-Q5.00,0,10.000000,5.000000,3.000000,3.000000,11.040000,3.580000,1-S2n,0.000000,25.000000,10.000000,9.600000,10.000000,9.100000,25.000000,0.036000,1,circular,3.000000,,,70.000000,hy8_runs\hy8-Culvert-03-Q5.00-389442,hy8_runs\hy8-Culvert-03-Q5.00-389442\circular_hy8-Culvert-03-Q5.00-389442.rst,2
Culvert-03-Q5.00,0,10.000000,5.000000,4.250000,4.250000,11.260000,3.950000,1-S2n,0.000000,25.000000,10.000000,9.600000,10.000000,9.100000,25.000000,0.036000,1,circular,3.000000,,,70.000000,hy8_runs\hy8-Culvert-03-Q5.00-389442,hy8_runs\hy8-Culvert-03-Q5.00-389442\circular_hy8-Culvert-03-Q5.00-389442.rst,3
Culvert-03-Q5.00,0,10.000000,5.000000,5.000000,5.000000,11.370000,4.110000,1-S2n,0.000000,25.000000,10.000000,9.600000,10.000000,9.100000,25.000000,0.036000,1,circular,3.000000,,,70.000000,hy8_runs\hy8-Culvert-03-Q5.00-389442,hy8_runs\hy8-Culvert-03-Q5.00-389442\circular_hy8-Culvert-03-Q5.00-389442.rst,4
Culvert-03-Q5.00,0,10.000000,5.000000,5.750000,5.750000,11.480000,4.260000,1-S2n,0.000000,25.000000,10.000000,9.600000,10.000000,9.100000,25.000000,0.036000,1,circular,3.000000,,,70.000000,hy8_runs\hy8-Culvert-03-Q5.00-389442,hy8_runs\hy8-Culvert-03-Q5.00-389442\circular_hy8-Culvert-03-Q5.00-389442.rst,5
Culvert-04-hw5.00,0,4.000000,18.673726,0.000000,0.000000,-0.800000,0.000000,0-NF,0.000000,0.000000,4.000000,-0.800000,-1.000000,-1.300000,25.000000,0.012000,4,circular,1.500000,,,29.000000,hy8_runs\hy8-Culvert-04-hw5.00-b03359,hy8_runs\hy8-Culvert-04-hw5.00-b03359\circular_hy8-Culvert-04-hw5.00-b03359.rst,1
Culvert-04-hw5.00,0,4.000000,18.673726,11.204236,11.200000,0.520000,2.650000,7-M2c,0.000000,25.000000,4.000000,-0.800000,-1.000000,-1.300000,25.000000,0.012000,4,circular,1.500000,,,29.000000,hy8_runs\hy8-Culvert-04-hw5.00-b03359,hy8_runs\hy8-Culvert-04-hw5.00-b03359\circular_hy8-Culvert-04-hw5.00-b03359.rst,2
Culvert-04-hw5.00,0,4.000000,18.673726,14.938981,14.940000,0.800000,2.960000,7-M2c,0.000000,25.000000,4.000000,-0.800000,-1.000000,-1.300000,25.000000,0.012000,4,circular,1.500000,,,29.000000,hy8_runs\hy8-Culvert-04-hw5.00-b03359,hy8_runs\hy8-Culvert-04-hw5.00-b03359\circular_hy8-Culvert-04-hw5.00-b03359.rst,3
Culvert-04-hw5.00,0,4.000000,18.673726,16.806353,16.810000,0.970000,3.120000,7-M2c,0.000000,25.000000,4.000000,-0.800000,-1.000000,-1.300000,25.000000,0.012000,4,circular,1.500000,,,29.000000,hy8_runs\hy8-Culvert-04-hw5.00-b03359,hy8_runs\hy8-Culvert-04-hw5.00-b03359\circular_hy8-Culvert-04-hw5.00-b03359.rst,4
Culvert-04-hw5.00,0,4.000000,18.673726,18.673726,18.670000,1.190000,3.280000,7-M2c,0.000000,25.000000,4.000000,-0.800000,-1.000000,-1.300000,25.000000,0.012000,4,circular,1.500000,,,29.000000,hy8_runs\hy8-Culvert-04-hw5.00-b03359,hy8_runs\hy8-Culvert-04-hw5.00-b03359\circular_hy8-Culvert-04-hw5.00-b03359.rst,5
Culvert-04-hw5.00,0,4.000000,18.673726,20.541099,20.540000,1.440000,3.450000,7-M2c,0.000000,25.000000,4.000000,-0.800000,-1.000000,-1.300000,25.000000,0.012000,4,circular,1.500000,,,29.000000,hy8_runs\hy8-Culvert-04-hw5.00-b03359,hy8_runs\hy8-Culvert-04-hw5.00-b03359\circular_hy8-Culvert-04-hw5.00-b03359.rst,6
Culvert-04-hw5.00,0,4.000000,18.673726,22.408471,22.410000,1.720000,3.620000,7-M2c,8.480000,16.520000,4.000000,-0.800000,-1.000000,-1.300000,25.000000,0.012000,4,circular,1.500000,,,29.000000,hy8_runs\hy8-Culvert-04-hw5.00-b03359,hy8_runs\hy8-Culvert-04-hw5.00-b03359\circular_hy8-Culvert-04-hw5.00-b03359.rst,7
Culvert-04-hw5.00,0,4.000000,18.673726,26.143216,26.140000,2.350000,4.000000,7-M2c,19.630000,5.370000,4.000000,-0.800000,-1.000000,-1.300000,25.000000,0.012000,4,circular,1.500000,,,29.000000,hy8_runs\hy8-Culvert-04-hw5.00-b03359,hy8_runs\hy8-Culvert-04-hw5.00-b03359\circular_hy8-Culvert-04-hw5.00-b03359.rst,8
Culvert-04-hw5.00,1,4.000000,18.673726,0.000000,0.000000,-0.800000,0.000000,0-NF,0.000000,0.000000,4.000000,-0.800000,-1.000000,-1.300000,25.000000,0.012000,4,circular,1.500000,,,29.000000,hy8_runs\hy8-Culvert-04-hw5.00-e2c3e0,hy8_runs\hy8-Culvert-04-hw5.00-e2c3e0\circular_hy8-Culvert-04-hw5.00-e2c3e0.rst,1
Culvert-04-hw5.00,1,4.000000,18.673726,11.204236,11.200000,0.520000,2.650000,7-M2c,0.000000,25.000000,4.000000,-0.800000,-1.000000,-1.300000,25.000000,0.012000,4,circular,1.500000,,,29.000000,hy8_runs\hy8-Culvert-04-hw5.00-e2c3e0,hy8_runs\hy8-Culvert-04-hw5.00-e2c3e0\circular_hy8-Culvert-04-hw5.00-e2c3e0.rst,2
Culvert-04-hw5.00,1,4.000000,18.673726,14.938981,14.940000,0.800000,2.960000,7-M2c,0.000000,25.000000,4.000000,-0.800000,-1.000000,-1.300000,25.000000,0.012000,4,circular,1.500000,,,29.000000,hy8_runs\hy8-Culvert-04-hw5.00-e2c3e0,hy8_runs\hy8-Culvert-04-hw5.00-e2c3e0\circular_hy8-Culvert-04-hw5.00-e2c3e0.rst,3
Culvert-04-hw5.00,1,4.000000,18.673726,16.806353,16.810000,0.970000,3.120000,7-M2c,0.000000,25.000000,4.000000,-0.800000,-1.000000,-1.300000,25.000000,0.012000,4,circular,1.500000,,,29.000000,hy8_runs\hy8-Culvert-04-hw5.00-e2c3e0,hy8_runs\hy8-Culvert-04-hw5.00-e2c3e0\circular_hy8-Culvert-04-hw5.00-e2c3e0.rst,4
Culvert-04-hw5.00,1,4.000000,18.673726,18.673726,18.670000,1.190000,3.280000,7-M2c,0.000000,25.000000,4.000000,-0.800000,-1.000000,-1.300000,25.000000,0.012000,4,circular,1.500000,,,29.000000,hy8_runs\hy8-Culvert-04-hw5.00-e2c3e0,hy8_runs\hy8-Culvert-04-hw5.00-e2c3e0\circular_hy8-Culvert-04-hw5.00-e2c3e0.rst,5
Culvert-04-hw5.00,1,4.000000,18.673726,20.541099,20.540000,1.440000,3.450000,7-M2c,0.000000,25.000000,4.000000,-0.800000,-1.000000,-1.300000,25.000000,0.012000,4,circular,1.500000,,,29.000000,hy8_runs\hy8-Culvert-04-hw5.00-e2c3e0,hy8_runs\hy8-Culvert-04-hw5.00-e2c3e0\circular_hy8-Culvert-04-hw5.00-e2c3e0.rst,6
Culvert-04-hw5.00,1,4.000000,18.673726,22.408471,22.410000,1.720000,3.620000,7-M2c,8.480000,16.520000,4.000000,-0.800000,-1.000000,-1.300000,25.000000,0.012000,4,circular,1.500000,,,29.000000,hy8_runs\hy8-Culvert-04-hw5.00-e2c3e0,hy8_runs\hy8-Culvert-04-hw5.00-e2c3e0\circular_hy8-Culvert-04-hw5.00-e2c3e0.rst,7
Culvert-04-hw5.00,1,4.000000,18.673726,26.143216,26.140000,2.350000,4.000000,7-M2c,19.630000,5.370000,4.000000,-0.800000,-1.000000,-1.300000,25.000000,0.012000,4,circular,1.500000,,,29.000000,hy8_runs\hy8-Culvert-04-hw5.00-e2c3e0,hy8_runs\hy8-Culvert-04-hw5.00-e2c3e0\circular_hy8-Culvert-04-hw5.00-e2c3e0.rst,8
Culvert-04-hw5.00,1,4.000000,18.673726,52.286432,52.290000,10.050000,7.400000,6-FFc,25.000000,0.000000,4.000000,-0.800000,-1.000000,-1.300000,25.000000,0.012000,4,circular,1.500000,,,29.000000,hy8_runs\hy8-Culvert-04-hw5.00-e2c3e0,hy8_runs\hy8-Culvert-04-hw5.00-e2c3e0\circular_hy8-Culvert-04-hw5.00-e2c3e0.rst,9
Culvert-05-hw5.00,0,105.200000,0.385916,0.000000,0.000000,100.200000,0.000000,0-NF,0.000000,0.000000,105.200000,100.100000,100.200000,100.000000,10.000000,0.020000,1,circular,0.900000,,,118.200000,hy8_runs\hy8-Culvert-05-hw5.00-eb1e97,hy8_runs\hy8-Culvert-05-hw5.00-eb1e97\circular_hy8-Culvert-05-hw5.00-eb1e97.rst,1
Culvert-05-hw5.00,0,105.200000,0.385916,0.231550,0.230000,100.570000,2.350000,1-S2n,0.000000,10.000000,105.200000,100.100000,100.200000,100.000000,10.000000,0.020000,1,circular,0.900000,,,118.200000,hy8_runs\hy8-Culvert-05-hw5.00-eb1e97,hy8_runs\hy8-Culvert-05-hw5.00-eb1e97\circular_hy8-Culvert-05-hw5.00-eb1e97.rst,2
Culvert-05-hw5.00,0,105.200000,0.385916,0.308733,0.310000,100.640000,2.490000,1-S2n,0.000000,10.000000,105.200000,100.100000,100.200000,100.000000,10.000000,0.020000,1,circular,0.900000,,,118.200000,hy8_runs\hy8-Culvert-05-hw5.00-eb1e97,hy8_runs\hy8-Culvert-05-hw5.00-eb1e97\circular_hy8-Culvert-05-hw5.00-eb1e97.rst,3
Culvert-05-hw5.00,0,105.200000,0.385916,0.347324,0.350000,100.670000,2.550000,1-S2n,0.000000,10.000000,105.200000,100.100000,100.200000,100.000000,10.000000,0.020000,1,circular,0.900000,,,118.200000,hy8_runs\hy8-Culvert-05-hw5.00-eb1e97,hy8_runs\hy8-Culvert-05-hw5.00-eb1e97\circular_hy8-Culvert-05-hw5.00-eb1e97.rst,4
Culvert-05-hw5.00,0,105.200000,0.385916,0.385916,0.390000,100.700000,2.610000,1-S2n,0.000000,10.000000,105.200000,100.100000,100.200000,100.000000,10.000000,0.020000,1,circular,0.900000,,,118.200000,hy8_runs\hy8-Culvert-05-hw5.00-eb1e97,hy8_runs\hy8-Culvert-05-hw5.00-eb1e97\circular_hy8-Culvert-05-hw5.00-eb1e97.rst,5
Culvert-05-hw5.00,0,105.200000,0.385916,0.424508,0.420000,100.730000,2.660000,1-S2n,0.000000,10.000000,105.200000,100.100000,100.200000,100.000000,10.000000,0.020000,1,circular,0.900000,,,118.200000,hy8_runs\hy8-Culvert-05-hw5.00-eb1e97,hy8_runs\hy8-Culvert-05-hw5.00-eb1e97\circular_hy8-Culvert-05-hw5.00-eb1e97.rst,6
Culvert-05-hw5.00,0,105.200000,0.385916,0.463099,0.460000,100.760000,2.710000,1-S2n,0.000000,10.000000,105.200000,100.100000,100.200000,100.000000,10.000000,0.020000,1,circular,0.900000,,,118.200000,hy8_runs\hy8-Culvert-05-hw5.00-eb1e97,hy8_runs\hy8-Culvert-05-hw5.00-eb1e97\circular_hy8-Culvert-05-hw5.00-eb1e97.rst,7
Culvert-05-hw5.00,0,105.200000,0.385916,0.540282,0.540000,100.820000,2.790000,1-S2n,0.000000,10.000000,105.200000,100.100000,100.200000,100.000000,10.000000,0.020000,1,circular,0.900000,,,118.200000,hy8_runs\hy8-Culvert-05-hw5.00-eb1e97,hy8_runs\hy8-Culvert-05-hw5.00-eb1e97\circular_hy8-Culvert-05-hw5.00-eb1e97.rst,8
Culvert-05-hw5.00,1,105.200000,0.385916,0.000000,0.000000,100.200000,0.000000,0-NF,0.000000,0.000000,105.200000,100.100000,100.200000,100.000000,10.000000,0.020000,1,circular,0.900000,,,118.200000,hy8_runs\hy8-Culvert-05-hw5.00-9be7ae,hy8_runs\hy8-Culvert-05-hw5.00-9be7ae\circular_hy8-Culvert-05-hw5.00-9be7ae.rst,1
Culvert-05-hw5.00,1,105.200000,0.385916,0.231550,0.230000,100.570000,2.350000,1-S2n,0.000000,10.000000,105.200000,100.100000,100.200000,100.000000,10.000000,0.020000,1,circular,0.900000,,,118.200000,hy8_runs\hy8-Culvert-05-hw5.00-9be7ae,hy8_runs\hy8-Culvert-05-hw5.00-9be7ae\circular_hy8-Culvert-05-hw5.00-9be7ae.rst,2
Culvert-05-hw5.00,1,105.200000,0.385916,0.308733,0.310000,100.640000,2.490000,1-S2n,0.000000,10.000000,105.200000,100.100000,100.200000,100.000000,10.000000,0.020000,1,circular,0.900000,,,118.200000,hy8_runs\hy8-Culvert-05-hw5.00-9be7ae,hy8_runs\hy8-Culvert-05-hw5.00-9be7ae\circular_hy8-Culvert-05-hw5.00-9be7ae.rst,3
Culvert-05-hw5.00,1,105.200000,0.385916,0.347324,0.350000,100.670000,2.550000,1-S2n,0.000000,10.000000,105.200000,100.100000,100.200000,100.000000,10.000000,0.020000,1,circular,0.900000,,,118.200000,hy8_runs\hy8-Culvert-05-hw5.00-9be7ae,hy8_runs\hy8-Culvert-05-hw5.00-9be7ae\circular_hy8-Culvert-05-hw5.00-9be7ae.rst,4
Culvert-05-hw5.00,1,105.200000,0.385916,0.385916,0.390000,100.700000,2.610000,1-S2n,0.000000,10.000000,105.200000,100.100000,100.200000,100.000000,10.000000,0.020000,1,circular,0.900000,,,118.200000,hy8_runs\hy8-Culvert-05-hw5.00-9be7ae,hy8_runs\hy8-Culvert-05-hw5.00-9be7ae\circular_hy8-Culvert-05-hw5.00-9be7ae.rst,5
Culvert-05-hw5.00,1,105.200000,0.385916,0.424508,0.420000,100.730000,2.660000,1-S2n,0.000000,10.000000,105.200000,100.100000,100.200000,100.000000,10.000000,0.020000,1,circular,0.900000,,,118.200000,hy8_runs\hy8-Culvert-05-hw5.00-9be7ae,hy8_runs\hy8-Culvert-05-hw5.00-9be7ae\circular_hy8-Culvert-05-hw5.00-9be7ae.rst,6
Culvert-05-hw5.00,1,105.200000,0.385916,0.463099,0.460000,100.760000,2.710000,1-S2n,0.000000,10.000000,105.200000,100.100000,100.200000,100.000000,10.000000,0.020000,1,circular,0.900000,,,118.200000,hy8_runs\hy8-Culvert-05-hw5.00-9be7ae,hy8_runs\hy8-Culvert-05-hw5.00-9be7ae\circular_hy8-Culvert-05-hw5.00-9be7ae.rst,7
Culvert-05-hw5.00,1,105.200000,0.385916,0.540282,0.540000,100.820000,2.790000,1-S2n,0.000000,10.000000,105.200000,100.100000,100.200000,100.000000,10.000000,0.020000,1,circular,0.900000,,,118.200000,hy8_runs\hy8-Culvert-05-hw5.00-9be7ae,hy8_runs\hy8-Culvert-05-hw5.00-9be7ae\circular_hy8-Culvert-05-hw5.00-9be7ae.rst,8
Culvert-05-hw5.00,1,105.200000,0.385916,1.080564,1.080000,101.180000,3.260000,5-S2n,0.000000,10.000000,105.200000,100.100000,100.200000,100.000000,10.000000,0.020000,1,circular,0.900000,,,118.200000,hy8_runs\hy8-Culvert-05-hw5.00-9be7ae,hy8_runs\hy8-Culvert-05-hw5.00-9be7ae\circular_hy8-Culvert-05-hw5.00-9be7ae.rst,9
Culvert-05-hw5.00,2,105.200000,0.385916,0.000000,0.000000,100.200000,0.000000,0-NF,0.000000,0.000000,105.200000,100.100000,100.200000,100.000000,10.000000,0.020000,1,circular,0.900000,,,118.200000,hy8_runs\hy8-Culvert-05-hw5.00-09fa32,hy8_runs\hy8-Culvert-05-hw5.00-09fa32\circular_hy8-Culvert-05-hw5.00-09fa32.rst,1
Culvert-05-hw5.00,2,105.200000,0.385916,0.231550,0.230000,100.570000,2.350000,1-S2n,0.000000,10.000000,105.200000,100.100000,100.200000,100.000000,10.000000,0.020000,1,circular,0.900000,,,118.200000,hy8_runs\hy8-Culvert-05-hw5.00-09fa32,hy8_runs\hy8-Culvert-05-hw5.00-09fa32\circular_hy8-Culvert-05-hw5.00-09fa32.rst,2
Culvert-05-hw5.00,2,105.200000,0.385916,0.308733,0.310000,100.640000,2.490000,1-S2n,0.000000,10.000000,105.200000,100.100000,100.200000,100.000000,10.000000,0.020000,1,circular,0.900000,,,118.200000,hy8_runs\hy8-Culvert-05-hw5.00-09fa32,hy8_runs\hy8-Culvert-05-hw5.00-09fa32\circular_hy8-Culvert-05-hw5.00-09fa32.rst,3
Culvert-05-hw5.00,2,105.200000,0.385916,0.347324,0.350000,100.670000,2.550000,1-S2n,0.000000,10.000000,105.200000,100.100000,100.200000,100.000000,10.000000,0.020000,1,circular,0.900000,,,118.200000,hy8_runs\hy8-Culvert-05-hw5.00-09fa32,hy8_runs\hy8-Culvert-05-hw5.00-09fa32\circular_hy8-Culvert-05-hw5.00-09fa32.rst,4
Culvert-05-hw5.00,2,105.200000,0.385916,0.385916,0.390000,100.700000,2.610000,1-S2n,0.000000,10.000000,105.200000,100.100000,100.200000,100.000000,10.000000,0.020000,1,circular,0.900000,,,118.200000,hy8_runs\hy8-Culvert-05-hw5.00-09fa32,hy8_runs\hy8-Culvert-05-hw5.00-09fa32\circular_hy8-Culvert-05-hw5.00-09fa32.rst,5
Culvert-05-hw5.00,2,105.200000,0.385916,0.424508,0.420000,100.730000,2.660000,1-S2n,0.000000,10.000000,105.200000,100.100000,100.200000,100.000000,10.000000,0.020000,1,circular,0.900000,,,118.200000,hy8_runs\hy8-Culvert-05-hw5.00-09fa32,hy8_runs\hy8-Culvert-05-hw5.00-09fa32\circular_hy8-Culvert-05-hw5.00-09fa32.rst,6
Culvert-05-hw5.00,2,105.200000,0.385916,0.463099,0.460000,100.760000,2.710000,1-S2n,0.000000,10.000000,105.200000,100.100000,100.200000,100.000000,10.000000,0.020000,1,circular,0.900000,,,118.200000,hy8_runs\hy8-Culvert-05-hw5.00-09fa32,hy8_runs\hy8-Culvert-05-hw5.00-09fa32\circular_hy8-Culvert-05-hw5.00-09fa32.rst,7
Culvert-05-hw5.00,2,105.200000,0.385916,0.540282,0.540000,100.820000,2.790000,1-S2n,0.000000,10.000000,105.200000,100.100000,100.200000,100.000000,10.000000,0.020000,1,circular,0.900000,,,118.200000,hy8_runs\hy8-Culvert-05-hw5.00-09fa32,hy8_runs\hy8-Culvert-05-hw5.00-09fa32\circular_hy8-Culvert-05-hw5.00-09fa32.rst,8
Culvert-05-hw5.00,2,105.200000,0.385916,1.080564,1.080000,101.180000,3.260000,5-S2n,0.000000,10.000000,105.200000,100.100000,100.200000,100.000000,10.000000,0.020000,1,circular,0.900000,,,118.200000,hy8_runs\hy8-Culvert-05-hw5.00-09fa32,hy8_runs\hy8-Culvert-05-hw5.00-09fa32\circular_hy8-Culvert-05-hw5.00-09fa32.rst,9
Culvert-05-hw5.00,2,105.200000,0.385916,2.161128,2.160000,102.290000,4.050000,5-S2n,0.000000,10.000000,105.200000,100.100000,100.200000,100.000000,10.000000,0.020000,1,circular,0.900000,,,118.200000,hy8_runs\hy8-Culvert-05-hw5.00-09fa32,hy8_runs\hy8-Culvert-05-hw5.00-09fa32\circular_hy8-Culvert-05-hw5.00-09fa32.rst,10
Culvert-05-hw5.00,3,105.200000,0.385916,0.000000,0.000000,100.200000,0.000000,0-NF,0.000000,0.000000,105.200000,100.100000,100.200000,100.000000,10.000000,0.020000,1,circular,0.900000,,,118.200000,hy8_runs\hy8-Culvert-05-hw5.00-4bfbc5,hy8_runs\hy8-Culvert-05-hw5.00-4bfbc5\circular_hy8-Culvert-05-hw5.00-4bfbc5.rst,1
Culvert-05-hw5.00,3,105.200000,0.385916,0.231550,0.230000,100.570000,2.350000,1-S2n,0.000000,10.000000,105.200000,100.100000,100.200000,100.000000,10.000000,0.020000,1,circular,0.900000,,,118.200000,hy8_runs\hy8-Culvert-05-hw5.00-4bfbc5,hy8_runs\hy8-Culvert-05-hw5.00-4bfbc5\circular_hy8-Culvert-05-hw5.00-4bfbc5.rst,2
Culvert-05-hw5.00,3,105.200000,0.385916,0.308733,0.310000,100.640000,2.490000,1-S2n,0.000000,10.000000,105.200000,100.100000,100.200000,100.000000,10.000000,0.020000,1,circular,0.900000,,,118.200000,hy8_runs\hy8-Culvert-05-hw5.00-4bfbc5,hy8_runs\hy8-Culvert-05-hw5.00-4bfbc5\circular_hy8-Culvert-05-hw5.00-4bfbc5.rst,3
Culvert-05-hw5.00,3,105.200000,0.385916,0.347324,0.350000,100.670000,2.550000,1-S2n,0.000000,10.000000,105.200000,100.100000,100.200000,100.000000,10.000000,0.020000,1,circular,0.900000,,,118.200000,hy8_runs\hy8-Culvert-05-hw5.00-4bfbc5,hy8_runs\hy8-Culvert-05-hw5.00-4bfbc5\circular_hy8-Culvert-05-hw5.00-4bfbc5.rst,4
Culvert-05-hw5.00,3,105.200000,0.385916,0.385916,0.390000,100.700000,2.610000,1-S2n,0.000000,10.000000,105.200000,100.100000,100.200000,100.000000,10.000000,0.020000,1,circular,0.900000,,,118.200000,hy8_runs\hy8-Culvert-05-hw5.00-4bfbc5,hy8_runs\hy8-Culvert-05-hw5.00-4bfbc5\circular_hy8-Culvert-05-hw5.00-4bfbc5.rst,5
Culvert-05-hw5.00,3,105.200000,0.385916,0.424508,0.420000,100.730000,2.660000,1-S2n,0.000000,10.000000,105.200000,100.100000,100.200000,100.000000,10.000000,0.020000,1,circular,0.900000,,,118.200000,hy8_runs\hy8-Culvert-05-hw5.00-4bfbc5,hy8_runs\hy8-Culvert-05-hw5.00-4bfbc5\circular_hy8-Culvert-05-hw5.00-4bfbc5.rst,6
Culvert-05-hw5.00,3,105.200000,0.385916,0.463099,0.460000,100.760000,2.710000,1-S2n,0.000000,10.000000,105.200000,100.100000,100.200000,100.000000,10.000000,0.020000,1,circular,0.900000,,,118.200000,hy8_runs\hy8-Culvert-05-hw5.00-4bfbc5,hy8_runs\hy8-Culvert-05-hw5.00-4bfbc5\circular_hy8-Culvert-05-hw5.00-4bfbc5.rst,7
Culvert-05-hw5.00,3,105.200000,0.385916,0.540282,0.540000,100.820000,2.790000,1-S2n,0.000000,10.000000,105.200000,100.100000,100.200000,100.000000,10.000000,0.020000,1,circular,0.900000,,,118.200000,hy8_runs\hy8-Culvert-05-hw5.00-4bfbc5,hy8_runs\hy8-Culvert-05-hw5.00-4bfbc5\circular_hy8-Culvert-05-hw5.00-4bfbc5.rst,8
Culvert-05-hw5.00,3,105.200000,0.385916,1.080564,1.080000,101.180000,3.260000,5-S2n,0.000000,10.000000,105.200000,100.100000,100.200000,100.000000,10.000000,0.020000,1,circular,0.900000,,,118.200000,hy8_runs\hy8-Culvert-05-hw5.00-4bfbc5,hy8_runs\hy8-Culvert-05-hw5.00-4bfbc5\circular_hy8-Culvert-05-hw5.00-4bfbc5.rst,9
Culvert-05-hw5.00,3,105.200000,0.385916,2.161128,2.160000,102.290000,4.050000,5-S2n,0.000000,10.000000,105.200000,100.100000,100.200000,100.000000,10.000000,0.020000,1,circular,0.900000,,,118.200000,hy8_runs\hy8-Culvert-05-hw5.00-4bfbc5,hy8_runs\hy8-Culvert-05-hw5.00-4bfbc5\circular_hy8-Culvert-05-hw5.00-4bfbc5.rst,10
Culvert-05-hw5.00,3,105.200000,0.385916,4.322256,4.320000,107.080000,6.790000,6-FFc,10.000000,0.000000,105.200000,100.100000,100.200000,100.000000,10.000000,0.020000,1,circular,0.900000,,,118.200000,hy8_runs\hy8-Culvert-05-hw5.00-4bfbc5,hy8_runs\hy8-Culvert-05-hw5.00-4bfbc5\circular_hy8-Culvert-05-hw5.00-4bfbc5.rst,11
Culvert-05-Q2.00,0,100.200000,2.000000,0.000000,0.000000,100.200000,0.000000,0-NF,0.000000,0.000000,100.200000,100.100000,100.200000,100.000000,10.000000,0.020000,1,circular,0.900000,,,118.200000,hy8_runs\hy8-Culvert-05-Q2.00-1075c5,hy8_runs\hy8-Culvert-05-Q2.00-1075c5\circular_hy8-Culvert-05-Q2.00-1075c5.rst,1
Culvert-05-Q2.00,0,100.200000,2.000000,1.200000,1.200000,101.260000,3.350000,5-S2n,0.000000,10.000000,100.200000,100.100000,100.200000,100.000000,10.000000,0.020000,1,circular,0.900000,,,118.200000,hy8_runs\hy8-Culvert-05-Q2.00-1075c5,hy8_runs\hy8-Culvert-05-Q2.00-1075c5\circular_hy8-Culvert-05-Q2.00-1075c5.rst,2
Culvert-05-Q2.00,0,100.200000,2.000000,1.700000,1.700000,101.720000,3.700000,5-S2n,0.000000,10.000000,100.200000,100.100000,100.200000,100.000000,10.000000,0.020000,1,circular,0.900000,,,118.200000,hy8_runs\hy8-Culvert-05-Q2.00-1075c5,hy8_runs\hy8-Culvert-05-Q2.00-1075c5\circular_hy8-Culvert-05-Q2.00-1075c5.rst,3
Culvert-05-Q2.00,0,100.200000,2.000000,2.000000,2.000000,102.070000,3.930000,5-S2n,0.000000,10.000000,100.200000,100.100000,100.200000,100.000000,10.000000,0.020000,1,circular,0.900000,,,118.200000,hy8_runs\hy8-Culvert-05-Q2.00-1075c5,hy8_runs\hy8-Culvert-05-Q2.00-1075c5\circular_hy8-Culvert-05-Q2.00-1075c5.rst,4
Culvert-05-Q2.00,0,100.200000,2.000000,2.300000,2.300000,102.490000,4.170000,5-S2n,0.000000,10.000000,100.200000,100.100000,100.200000,100.000000,10.000000,0.020000,1,circular,0.900000,,,118.200000,hy8_runs\hy8-Culvert-05-Q2.00-1075c5,hy8_runs\hy8-Culvert-05-Q2.00-1075c5\circular_hy8-Culvert-05-Q2.00-1075c5.rst,5
Culvert-06-hw5.00,0,106.000000,5.419336,0.000000,0.000000,101.000000,0.000000,0-NF,0.000000,0.000000,106.000000,100.800000,101.000000,100.000000,25.000000,0.040000,1,circular,1.200000,,,125.000000,hy8_runs\hy8-Culvert-06-hw5.00-1b92d5,hy8_runs\hy8-Culvert-06-hw5.00-1b92d5\circular_hy8-Culvert-06-hw5.00-1b92d5.rst,1
Culvert-06-hw5.00,0,106.000000,5.419336,3.251602,3.250000,102.850000,5.500000,5-S2n,0.000000,25.000000,106.000000,100.800000,101.000000,100.000000,25.000000,0.040000,1,circular,1.200000,,,125.000000,hy8_runs\hy8-Culvert-06-hw5.00-1b92d5,hy8_runs\hy8-Culvert-06-hw5.00-1b92d5\circular_hy8-Culvert-06-hw5.00-1b92d5.rst,2
Culvert-06-hw5.00,0,106.000000,5.419336,4.335469,4.340000,103.690000,5.890000,5-S2n,0.000000,25.000000,106.000000,100.800000,101.000000,100.000000,25.000000,0.040000,1,circular,1.200000,,,125.000000,hy8_runs\hy8-Culvert-06-hw5.00-1b92d5,hy8_runs\hy8-Culvert-06-hw5.00-1b92d5\circular_hy8-Culvert-06-hw5.00-1b92d5.rst,3
Culvert-06-hw5.00,0,106.000000,5.419336,4.877402,4.880000,104.200000,6.100000,5-S2n,0.000000,25.000000,106.000000,100.800000,101.000000,100.000000,25.000000,0.040000,1,circular,1.200000,,,125.000000,hy8_runs\hy8-Culvert-06-hw5.00-1b92d5,hy8_runs\hy8-Culvert-06-hw5.00-1b92d5\circular_hy8-Culvert-06-hw5.00-1b92d5.rst,4
Culvert-06-hw5.00,0,106.000000,5.419336,5.419336,5.420000,104.780000,6.340000,5-S2n,0.000000,25.000000,106.000000,100.800000,101.000000,100.000000,25.000000,0.040000,1,circular,1.200000,,,125.000000,hy8_runs\hy8-Culvert-06-hw5.00-1b92d5,hy8_runs\hy8-Culvert-06-hw5.00-1b92d5\circular_hy8-Culvert-06-hw5.00-1b92d5.rst,5
Culvert-06-hw5.00,0,106.000000,5.419336,5.961270,5.960000,105.450000,6.450000,5-S2n,0.000000,25.000000,106.000000,100.800000,101.000000,100.000000,25.000000,0.040000,1,circular,1.200000,,,125.000000,hy8_runs\hy8-Culvert-06-hw5.00-1b92d5,hy8_runs\hy8-Culvert-06-hw5.00-1b92d5\circular_hy8-Culvert-06-hw5.00-1b92d5.rst,6
Culvert-06-hw5.00,0,106.000000,5.419336,6.503203,6.500000,106.180000,6.730000,5-S2n,0.000000,25.000000,106.000000,100.800000,101.000000,100.000000,25.000000,0.040000,1,circular,1.200000,,,125.000000,hy8_runs\hy8-Culvert-06-hw5.00-1b92d5,hy8_runs\hy8-Culvert-06-hw5.00-1b92d5\circular_hy8-Culvert-06-hw5.00-1b92d5.rst,7
Culvert-06-hw5.00,0,106.000000,5.419336,7.587070,7.590000,107.840000,7.290000,5-S2n,0.000000,25.000000,106.000000,100.800000,101.000000,100.000000,25.000000,0.040000,1,circular,1.200000,,,125.000000,hy8_runs\hy8-Culvert-06-hw5.00-1b92d5,hy8_runs\hy8-Culvert-06-hw5.00-1b92d5\circular_hy8-Culvert-06-hw5.00-1b92d5.rst,8
Culvert-06-Q5.00,0,101.000000,5.000000,0.000000,0.000000,101.000000,0.000000,0-NF,0.000000,0.000000,101.000000,100.800000,101.000000,100.000000,25.000000,0.040000,1,circular,1.200000,,,125.000000,hy8_runs\hy8-Culvert-06-Q5.00-602c4c,hy8_runs\hy8-Culvert-06-Q5.00-602c4c\circular_hy8-Culvert-06-Q5.00-602c4c.rst,1
Culvert-06-Q5.00,0,101.000000,5.000000,3.000000,3.000000,102.690000,5.400000,5-S2n,0.000000,25.000000,101.000000,100.800000,101.000000,100.000000,25.000000,0.040000,1,circular,1.200000,,,125.000000,hy8_runs\hy8-Culvert-06-Q5.00-602c4c,hy8_runs\hy8-Culvert-06-Q5.00-602c4c\circular_hy8-Culvert-06-Q5.00-602c4c.rst,2
Culvert-06-Q5.00,0,101.000000,5.000000,4.250000,4.250000,103.610000,5.860000,5-S2n,0.000000,25.000000,101.000000,100.800000,101.000000,100.000000,25.000000,0.040000,1,circular,1.200000,,,125.000000,hy8_runs\hy8-Culvert-06-Q5.00-602c4c,hy8_runs\hy8-Culvert-06-Q5.00-602c4c\circular_hy8-Culvert-06-Q5.00-602c4c.rst,3
Culvert-06-Q5.00,0,101.000000,5.000000,5.000000,5.000000,104.330000,6.150000,5-S2n,0.000000,25.000000,101.000000,100.800000,101.000000,100.000000,25.000000,0.040000,1,circular,1.200000,,,125.000000,hy8_runs\hy8-Culvert-06-Q5.00-602c4c,hy8_runs\hy8-Culvert-06-Q5.00-602c4c\circular_hy8-Culvert-06-Q5.00-602c4c.rst,4
Culvert-06-Q5.00,0,101.000000,5.000000,5.750000,5.750000,105.180000,6.460000,5-S2n,0.000000,25.000000,101.000000,100.800000,101.000000,100.000000,25.000000,0.040000,1,circular,1.200000,,,125.000000,hy8_runs\hy8-Culvert-06-Q5.00-602c4c,hy8_runs\hy8-Culvert-06-Q5.00-602c4c\circular_hy8-Culvert-06-Q5.00-602c4c.rst,5
Culvert-07-hw5.00,0,205.000000,2.974091,0.000000,0.000000,200.000000,0.000000,0-NF,0.000000,0.000000,205.000000,199.200000,200.000000,199.000000,80.000000,0.012500,2,circular,1.500000,,,230.000000,hy8_runs\hy8-Culvert-07-hw5.00-f5c641,hy8_runs\hy8-Culvert-07-hw5.00-f5c641\circular_hy8-Culvert-07-hw5.00-f5c641.rst,1
Culvert-07-hw5.00,0,205.000000,2.974091,1.784455,1.780000,200.650000,3.120000,1-S2n,0.000000,80.000000,205.000000,199.200000,200.000000,199.000000,80.000000,0.012500,2,circular,1.500000,,,230.000000,hy8_runs\hy8-Culvert-07-hw5.00-f5c641,hy8_runs\hy8-Culvert-07-hw5.00-f5c641\circular_hy8-Culvert-07-hw5.00-f5c641.rst,2
Culvert-07-hw5.00,0,205.000000,2.974091,2.379273,2.380000,200.760000,3.310000,1-S2n,0.000000,80.000000,205.000000,199.200000,200.000000,199.000000,80.000000,0.012500,2,circular,1.500000,,,230.000000,hy8_runs\hy8-Culvert-07-hw5.00-f5c641,hy8_runs\hy8-Culvert-07-hw5.00-f5c641\circular_hy8-Culvert-07-hw5.00-f5c641.rst,3
Culvert-07-hw5.00,0,205.000000,2.974091,2.676682,2.680000,200.820000,3.530000,1-S2n,0.000000,80.000000,205.000000,199.200000,200.000000,199.000000,80.000000,0.012500,2,circular,1.500000,,,230.000000,hy8_runs\hy8-Culvert-07-hw5.00-f5c641,hy8_runs\hy8-Culvert-07-hw5.00-f5c641\circular_hy8-Culvert-07-hw5.00-f5c641.rst,4
Culvert-07-hw5.00,0,205.000000,2.974091,2.974091,2.970000,200.880000,3.570000,1-S2n,0.000000,80.000000,205.000000,199.200000,200.000000,199.000000,80.000000,0.012500,2,circular,1.500000,,,230.000000,hy8_runs\hy8-Culvert-07-hw5.00-f5c641,hy8_runs\hy8-Culvert-07-hw5.00-f5c641\circular_hy8-Culvert-07-hw5.00-f5c641.rst,5
Culvert-07-hw5.00,0,205.000000,2.974091,3.271500,3.270000,200.930000,3.630000,1-S2n,0.000000,80.000000,205.000000,199.200000,200.000000,199.000000,80.000000,0.012500,2,circular,1.500000,,,230.000000,hy8_runs\hy8-Culvert-07-hw5.00-f5c641,hy8_runs\hy8-Culvert-07-hw5.00-f5c641\circular_hy8-Culvert-07-hw5.00-f5c641.rst,6
Culvert-07-hw5.00,0,205.000000,2.974091,3.568909,3.570000,200.990000,3.830000,1-S2n,0.000000,80.000000,205.000000,199.200000,200.000000,199.000000,80.000000,0.012500,2,circular,1.500000,,,230.000000,hy8_runs\hy8-Culvert-07-hw5.00-f5c641,hy8_runs\hy8-Culvert-07-hw5.00-f5c641\circular_hy8-Culvert-07-hw5.00-f5c641.rst,7
Culvert-07-hw5.00,0,205.000000,2.974091,4.163727,4.160000,201.080000,3.890000,1-S2n,0.000000,80.000000,205.000000,199.200000,200.000000,199.000000,80.000000,0.012500,2,circular,1.500000,,,230.000000,hy8_runs\hy8-Culvert-07-hw5.00-f5c641,hy8_runs\hy8-Culvert-07-hw5.00-f5c641\circular_hy8-Culvert-07-hw5.00-f5c641.rst,8
Culvert-07-hw5.00,1,205.000000,2.974091,0.000000,0.000000,200.000000,0.000000,0-NF,0.000000,0.000000,205.000000,199.200000,200.000000,199.000000,80.000000,0.012500,2,circular,1.500000,,,230.000000,hy8_runs\hy8-Culvert-07-hw5.00-a74096,hy8_runs\hy8-Culvert-07-hw5.00-a74096\circular_hy8-Culvert-07-hw5.00-a74096.rst,1
Culvert-07-hw5.00,1,205.000000,2.974091,1.784455,1.780000,200.650000,3.120000,1-S2n,0.000000,80.000000,205.000000,199.200000,200.000000,199.000000,80.000000,0.012500,2,circular,1.500000,,,230.000000,hy8_runs\hy8-Culvert-07-hw5.00-a74096,hy8_runs\hy8-Culvert-07-hw5.00-a74096\circular_hy8-Culvert-07-hw5.00-a74096.rst,2
Culvert-07-hw5.00,1,205.000000,2.974091,2.379273,2.380000,200.760000,3.310000,1-S2n,0.000000,80.000000,205.000000,199.200000,200.000000,199.000000,80.000000,0.012500,2,circular,1.500000,,,230.000000,hy8_runs\hy8-Culvert-07-hw5.00-a74096,hy8_runs\hy8-Culvert-07-hw5.00-a74096\circular_hy8-Culvert-07-hw5.00-a74096.rst,3
Culvert-07-hw5.00,1,205.000000,2.974091,2.676682,2.680000,200.820000,3.530000,1-S2n,0.000000,80.000000,205.000000,199.200000,200.000000,199.000000,80.000000,0.012500,2,circular,1.500000,,,230.000000,hy8_runs\hy8-Culvert-07-hw5.00-a74096,hy8_runs\hy8-Culvert-07-hw5.00-a74096\circular_hy8-Culvert-07-hw5.00-a74096.rst,4
Culvert-07-hw5.00,1,205.000000,2.974091,2.974091,2.970000,200.880000,3.570000,1-S2n,0.000000,80.000000,205.000000,199.200000,200.000000,199.000000,80.000000,0.012500,2,circular,1.500000,,,230.000000,hy8_runs\hy8-Culvert-07-hw5.00-a74096,hy8_runs\hy8-Culvert-07-hw5.00-a74096\circular_hy8-Culvert-07-hw5.00-a74096.rst,5
Culvert-07-hw5.00,1,205.000000,2.974091,3.271500,3.270000,200.930000,3.630000,1-S2n,0.000000,80.000000,205.000000,199.200000,200.000000,199.000000,80.000000,0.012500,2,circular,1.500000,,,230.000000,hy8_runs\hy8-Culvert-07-hw5.00-a74096,hy8_runs\hy8-Culvert-07-hw5.00-a74096\circular_hy8-Culvert-07-hw5.00-a74096.rst,6
Culvert-07-hw5.00,1,205.000000,2.974091,3.568909,3.570000,200.990000,3.830000,1-S2n,0.000000,80.000000,205.000000,199.200000,200.000000,199.000000,80.000000,0.012500,2,circular,1.500000,,,230.000000,hy8_runs\hy8-Culvert-07-hw5.00-a74096,hy8_runs\hy8-Culvert-07-hw5.00-a74096\circular_hy8-Culvert-07-hw5.00-a74096.rst,7
Culvert-07-hw5.00,1,205.000000,2.974091,4.163727,4.160000,201.080000,3.890000,1-S2n,0.000000,80.000000,205.000000,199.200000,200.000000,199.000000,80.000000,0.012500,2,circular,1.500000,,,230.000000,hy8_runs\hy8-Culvert-07-hw5.00-a74096,hy8_runs\hy8-Culvert-07-hw5.00-a74096\circular_hy8-Culvert-07-hw5.00-a74096.rst,8
Culvert-07-hw5.00,1,205.000000,2.974091,8.327454,8.330000,201.730000,4.590000,5-S2n,0.000000,80.000000,205.000000,199.200000,200.000000,199.000000,80.000000,0.012500,2,circular,1.500000,,,230.000000,hy8_runs\hy8-Culvert-07-hw5.00-a74096,hy8_runs\hy8-Culvert-07-hw5.00-a74096\circular_hy8-Culvert-07-hw5.00-a74096.rst,9
Culvert-07-hw5.00,2,205.000000,2.974091,0.000000,0.000000,200.000000,0.000000,0-NF,0.000000,0.000000,205.000000,199.200000,200.000000,199.000000,80.000000,0.012500,2,circular,1.500000,,,230.000000,hy8_runs\hy8-Culvert-07-hw5.00-6160cf,hy8_runs\hy8-Culvert-07-hw5.00-6160cf\circular_hy8-Culvert-07-hw5.00-6160cf.rst,1
Culvert-07-hw5.00,2,205.000000,2.974091,1.784455,1.780000,200.650000,3.120000,1-S2n,0.000000,80.000000,205.000000,199.200000,200.000000,199.000000,80.000000,0.012500,2,circular,1.500000,,,230.000000,hy8_runs\hy8-Culvert-07-hw5.00-6160cf,hy8_runs\hy8-Culvert-07-hw5.00-6160cf\circular_hy8-Culvert-07-hw5.00-6160cf.rst,2
Culvert-07-hw5.00,2,205.000000,2.974091,2.379273,2.380000,200.760000,3.310000,1-S2n,0.000000,80.000000,205.000000,199.200000,200.000000,199.000000,80.000000,0.012500,2,circular,1.500000,,,230.000000,hy8_runs\hy8-Culvert-07-hw5.00-6160cf,hy8_runs\hy8-Culvert-07-hw5.00-6160cf\circular_hy8-Culvert-07-hw5.00-6160cf.rst,3
Culvert-07-hw5.00,2,205.000000,2.974091,2.676682,2.680000,200.820000,3.530000,1-S2n,0.000000,80.000000,205.000000,199.200000,200.000000,199.000000,80.000000,0.012500,2,circular,1.500000,,,230.000000,hy8_runs\hy8-Culvert-07-hw5.00-6160cf,hy8_runs\hy8-Culvert-07-hw5.00-6160cf\circular_hy8-Culvert-07-hw5.00-6160cf.rst,4
Culvert-07-hw5.00,2,205.000000,2.974091,2.974091,2.970000,200.880000,3.570000,1-S2n,0.000000,80.000000,205.000000,199.200000,200.000000,199.000000,80.000000,0.012500,2,circular,1.500000,,,230.000000,hy8_runs\hy8-Culvert-07-hw5.00-6160cf,hy8_runs\hy8-Culvert-07-hw5.00-6160cf\circular_hy8-Culvert-07-hw5.00-6160cf.rst,5
Culvert-07-hw5.00,2,205.000000,2.974091,3.271500,3.270000,200.930000,3.630000,1-S2n,0.000000,80.000000,205.000000,199.200000,200.000000,199.000000,80.000000,0.012500,2,circular,1.500000,,,230.000000,hy8_runs\hy8-Culvert-07-hw5.00-6160cf,hy8_runs\hy8-Culvert-07-hw5.00-6160cf\circular_hy8-Culvert-07-hw5.00-6160cf.rst,6
Culvert-07-hw5.00,2,205.000000,2.974091,3.568909,3.570000,200.990000,3.830000,1-S2n,0.000000,80.000000,205.000000,199.200000,200.000000,199.000000,80.000000,0.012500,2,circular,1.500000,,,230.000000,hy8_runs\hy8-Culvert-07-hw5.00-6160cf,hy8_runs\hy8-Culvert-07-hw5.00-6160cf\circular_hy8-Culvert-07-hw5.00-6160cf.rst,7
Culvert-07-hw5.00,2,205.000000,2.974091,4.163727,4.160000,201.080000,3.890000,1-S2n,0.000000,80.000000,205.000000,199.200000,200.000000,199.000000,80.000000,0.012500,2,circular,1.500000,,,230.000000,hy8_runs\hy8-Culvert-07-hw5.00-6160cf,hy8_runs\hy8-Culvert-07-hw5.00-6160cf\circular_hy8-Culvert-07-hw5.00-6160cf.rst,8
Culvert-07-hw5.00,2,205.000000,2.974091,8.327454,8.330000,201.730000,4.590000,5-S2n,0.000000,80.000000,205.000000,199.200000,200.000000,199.000000,80.000000,0.012500,2,circular,1.500000,,,230.000000,hy8_runs\hy8-Culvert-07-hw5.00-6160cf,hy8_runs\hy8-Culvert-07-hw5.00-6160cf\circular_hy8-Culvert-07-hw5.00-6160cf.rst,9
Culvert-07-hw5.00,2,205.000000,2.974091,16.654908,16.650000,203.890000,5.370000,5-S2n,0.000000,80.000000,205.000000,199.200000,200.000000,199.000000,80.000000,0.012500,2,circular,1.500000,,,230.000000,hy8_runs\hy8-Culvert-07-hw5.00-6160cf,hy8_runs\hy8-Culvert-07-hw5.00-6160cf\circular_hy8-Culvert-07-hw5.00-6160cf.rst,10
Culvert-07-hw5.00,3,205.000000,2.974091,0.000000,0.000000,200.000000,0.000000,0-NF,0.000000,0.000000,205.000000,199.200000,200.000000,199.000000,80.000000,0.012500,2,circular,1.500000,,,230.000000,hy8_runs\hy8-Culvert-07-hw5.00-b041a4,hy8_runs\hy8-Culvert-07-hw5.00-b041a4\circular_hy8-Culvert-07-hw5.00-b041a4.rst,1
Culvert-07-hw5.00,3,205.000000,2.974091,1.784455,1.780000,200.650000,3.120000,1-S2n,0.000000,80.000000,205.000000,199.200000,200.000000,199.000000,80.000000,0.012500,2,circular,1.500000,,,230.000000,hy8_runs\hy8-Culvert-07-hw5.00-b041a4,hy8_runs\hy8-Culvert-07-hw5.00-b041a4\circular_hy8-Culvert-07-hw5.00-b041a4.rst,2
Culvert-07-hw5.00,3,205.000000,2.974091,2.379273,2.380000,200.760000,3.310000,1-S2n,0.000000,80.000000,205.000000,199.200000,200.000000,199.000000,80.000000,0.012500,2,circular,1.500000,,,230.000000,hy8_runs\hy8-Culvert-07-hw5.00-b041a4,hy8_runs\hy8-Culvert-07-hw5.00-b041a4\circular_hy8-Culvert-07-hw5.00-b041a4.rst,3
Culvert-07-hw5.00,3,205.000000,2.974091,2.676682,2.680000,200.820000,3.530000,1-S2n,0.000000,80.000000,205.000000,199.200000,200.000000,199.000000,80.000000,0.012500,2,circular,1.500000,,,230.000000,hy8_runs\hy8-Culvert-07-hw5.00-b041a4,hy8_runs\hy8-Culvert-07-hw5.00-b041a4\circular_hy8-Culvert-07-hw5.00-b041a4.rst,4
Culvert-07-hw5.00,3,205.000000,2.974091,2.974091,2.970000,200.880000,3.570000,1-S2n,0.000000,80.000000,205.000000,199.200000,200.000000,199.000000,80.000000,0.012500,2,circular,1.500000,,,230.000000,hy8_runs\hy8-Culvert-07-hw5.00-b041a4,hy8_runs\hy8-Culvert-07-hw5.00-b041a4\circular_hy8-Culvert-07-hw5.00-b041a4.rst,5
Culvert-07-hw5.00,3,205.000000,2.974091,3.271500,3.270000,200.930000,3.630000,1-S2n,0.000000,80.000000,205.000000,199.200000,200.000000,199.000000,80.000000,0.012500,2,circular,1.500000,,,230.000000,hy8_runs\hy8-Culvert-07-hw5.00-b041a4,hy8_runs\hy8-Culvert-07-hw5.00-b041a4\circular_hy8-Culvert-07-hw5.00-b041a4.rst,6
Culvert-07-hw5.00,3,205.000000,2.974091,3.568909,3.570000,200.990000,3.830000,1-S2n,0.000000,80.000000,205.000000,199.200000,200.000000,199.000000,80.000000,0.012500,2,circular,1.500000,,,230.000000,hy8_runs\hy8-Culvert-07-hw5.00-b041a4,hy8_runs\hy8-Culvert-07-hw5.00-b041a4\circular_hy8-Culvert-07-hw5.00-b041a4.rst,7
Culvert-07-hw5.00,3,205.000000,2.974091,4.163727,4.160000,201.080000,3.890000,1-S2n,0.000000,80.000000,205.000000,199.200000,200.000000,199.000000,80.000000,0.012500,2,circular,1.500000,,,230.000000,hy8_runs\hy8-Culvert-07-hw5.00-b041a4,hy8_runs\hy8-Culvert-07-hw5.00-b041a4\circular_hy8-Culvert-07-hw5.00-b041a4.rst,8
Culvert-07-hw5.00,3,205.000000,2.974091,8.327454,8.330000,201.730000,4.590000,5-S2n,0.000000,80.000000,205.000000,199.200000,200.000000,199.000000,80.000000,0.012500,2,circular,1.500000,,,230.000000,hy8_runs\hy8-Culvert-07-hw5.00-b041a4,hy8_runs\hy8-Culvert-07-hw5.00-b041a4\circular_hy8-Culvert-07-hw5.00-b041a4.rst,9
Culvert-07-hw5.00,3,205.000000,2.974091,16.654908,16.650000,203.890000,5.370000,5-S2n,0.000000,80.000000,205.000000,199.200000,200.000000,199.000000,80.000000,0.012500,2,circular,1.500000,,,230.000000,hy8_runs\hy8-Culvert-07-hw5.00-b041a4,hy8_runs\hy8-Culvert-07-hw5.00-b041a4\circular_hy8-Culvert-07-hw5.00-b041a4.rst,10
Culvert-07-hw5.00,3,205.000000,2.974091,33.309816,33.310000,213.140000,9.420000,6-FFc,80.010000,0.000000,205.000000,199.200000,200.000000,199.000000,80.000000,0.012500,2,circular,1.500000,,,230.000000,hy8_runs\hy8-Culvert-07-hw5.00-b041a4,hy8_runs\hy8-Culvert-07-hw5.00-b041a4\circular_hy8-Culvert-07-hw5.00-b041a4.rst,11
Culvert-07-Q15.00,0,200.000000,15.000000,0.000000,0.000000,200.000000,0.000000,0-NF,0.000000,0.000000,200.000000,199.200000,200.000000,199.000000,80.000000,0.012500,2,circular,1.500000,,,230.000000,hy8_runs\hy8-Culvert-07-Q15.00-490858,hy8_runs\hy8-Culvert-07-Q15.00-490858\circular_hy8-Culvert-07-Q15.00-490858.rst,1
Culvert-07-Q15.00,0,200.000000,15.000000,9.000000,9.000000,201.850000,4.680000,5-S2n,0.000000,80.000000,200.000000,199.200000,200.000000,199.000000,80.000000,0.012500,2,circular,1.500000,,,230.000000,hy8_runs\hy8-Culvert-07-Q15.00-490858,hy8_runs\hy8-Culvert-07-Q15.00-490858\circular_hy8-Culvert-07-Q15.00-490858.rst,2
Culvert-07-Q15.00,0,200.000000,15.000000,12.750000,12.750000,202.680000,5.070000,5-S2n,0.000000,80.000000,200.000000,199.200000,200.000000,199.000000,80.000000,0.012500,2,circular,1.500000,,,230.000000,hy8_runs\hy8-Culvert-07-Q15.00-490858,hy8_runs\hy8-Culvert-07-Q15.00-490858\circular_hy8-Culvert-07-Q15.00-490858.rst,3
Culvert-07-Q15.00,0,200.000000,15.000000,15.000000,15.000000,203.330000,5.260000,5-S2n,0.000000,80.000000,200.000000,199.200000,200.000000,199.000000,80.000000,0.012500,2,circular,1.500000,,,230.000000,hy8_runs\hy8-Culvert-07-Q15.00-490858,hy8_runs\hy8-Culvert-07-Q15.00-490858\circular_hy8-Culvert-07-Q15.00-490858.rst,4
Culvert-07-Q15.00,0,200.000000,15.000000,17.250000,17.250000,204.100000,5.400000,5-S2n,0.000000,80.000000,200.000000,199.200000,200.000000,199.000000,80.000000,0.012500,2,circular,1.500000,,,230.000000,hy8_runs\hy8-Culvert-07-Q15.00-490858,hy8_runs\hy8-Culvert-07-Q15.00-490858\circular_hy8-Culvert-07-Q15.00-490858.rst,5
Culvert-08-hw3.00,0,8.000000,4.557166,0.000000,0.000000,5.000000,0.000000,0-NF,0.000000,0.000000,8.000000,4.800000,5.000000,4.500000,25.000000,0.020000,1,box,,2.000000,1.000000,25.000000,hy8_runs\hy8-Culvert-08-hw3.00-02ab4f,hy8_runs\hy8-Culvert-08-hw3.00-02ab4f\box_hy8-Culvert-08-hw3.00-02ab4f.rst,1
Culvert-08-hw3.00,0,8.000000,4.557166,2.734300,2.730000,5.970000,3.900000,1-S2n,0.000000,25.000000,8.000000,4.800000,5.000000,4.500000,25.000000,0.020000,1,box,,2.000000,1.000000,25.000000,hy8_runs\hy8-Culvert-08-hw3.00-02ab4f,hy8_runs\hy8-Culvert-08-hw3.00-02ab4f\box_hy8-Culvert-08-hw3.00-02ab4f.rst,2
Culvert-08-hw3.00,0,8.000000,4.557166,3.645733,3.650000,6.200000,4.170000,5-S2n,0.000000,25.000000,8.000000,4.800000,5.000000,4.500000,25.000000,0.020000,1,box,,2.000000,1.000000,25.000000,hy8_runs\hy8-Culvert-08-hw3.00-02ab4f,hy8_runs\hy8-Culvert-08-hw3.00-02ab4f\box_hy8-Culvert-08-hw3.00-02ab4f.rst,3
Culvert-08-hw3.00,0,8.000000,4.557166,4.101449,4.100000,6.320000,4.290000,5-S2n,0.000000,25.000000,8.000000,4.800000,5.000000,4.500000,25.000000,0.020000,1,box,,2.000000,1.000000,25.000000,hy8_runs\hy8-Culvert-08-hw3.00-02ab4f,hy8_runs\hy8-Culvert-08-hw3.00-02ab4f\box_hy8-Culvert-08-hw3.00-02ab4f.rst,4
Culvert-08-hw3.00,0,8.000000,4.557166,4.557166,4.560000,6.450000,4.390000,5-S2n,0.000000,25.000000,8.000000,4.800000,5.000000,4.500000,25.000000,0.020000,1,box,,2.000000,1.000000,25.000000,hy8_runs\hy8-Culvert-08-hw3.00-02ab4f,hy8_runs\hy8-Culvert-08-hw3.00-02ab4f\box_hy8-Culvert-08-hw3.00-02ab4f.rst,5
Culvert-08-hw3.00,0,8.000000,4.557166,5.012883,5.010000,6.600000,4.480000,5-S2n,0.000000,25.000000,8.000000,4.800000,5.000000,4.500000,25.000000,0.020000,1,box,,2.000000,1.000000,25.000000,hy8_runs\hy8-Culvert-08-hw3.00-02ab4f,hy8_runs\hy8-Culvert-08-hw3.00-02ab4f\box_hy8-Culvert-08-hw3.00-02ab4f.rst,6
Culvert-08-hw3.00,0,8.000000,4.557166,5.468599,5.470000,6.760000,4.570000,5-S2n,0.000000,25.000000,8.000000,4.800000,5.000000,4.500000,25.000000,0.020000,1,box,,2.000000,1.000000,25.000000,hy8_runs\hy8-Culvert-08-hw3.00-02ab4f,hy8_runs\hy8-Culvert-08-hw3.00-02ab4f\box_hy8-Culvert-08-hw3.00-02ab4f.rst,7
Culvert-08-hw3.00,0,8.000000,4.557166,6.380032,6.380000,7.120000,4.730000,5-S2n,0.000000,25.000000,8.000000,4.800000,5.000000,4.500000,25.000000,0.020000,1,box,,2.000000,1.000000,25.000000,hy8_runs\hy8-Culvert-08-hw3.00-02ab4f,hy8_runs\hy8-Culvert-08-hw3.00-02ab4f\box_hy8-Culvert-08-hw3.00-02ab4f.rst,8
Culvert-08-hw3.00,1,8.000000,4.557166,0.000000,0.000000,5.000000,0.000000,0-NF,0.000000,0.000000,8.000000,4.800000,5.000000,4.500000,25.000000,0.020000,1,box,,2.000000,1.000000,25.000000,hy8_runs\hy8-Culvert-08-hw3.00-bd3d70,hy8_runs\hy8-Culvert-08-hw3.00-bd3d70\box_hy8-Culvert-08-hw3.00-bd3d70.rst,1
Culvert-08-hw3.00,1,8.000000,4.557166,2.734300,2.730000,5.970000,3.900000,1-S2n,0.000000,25.000000,8.000000,4.800000,5.000000,4.500000,25.000000,0.020000,1,box,,2.000000,1.000000,25.000000,hy8_runs\hy8-Culvert-08-hw3.00-bd3d70,hy8_runs\hy8-Culvert-08-hw3.00-bd3d70\box_hy8-Culvert-08-hw3.00-bd3d70.rst,2
Culvert-08-hw3.00,1,8.000000,4.557166,3.645733,3.650000,6.200000,4.170000,5-S2n,0.000000,25.000000,8.000000,4.800000,5.000000,4.500000,25.000000,0.020000,1,box,,2.000000,1.000000,25.000000,hy8_runs\hy8-Culvert-08-hw3.00-bd3d70,hy8_runs\hy8-Culvert-08-hw3.00-bd3d70\box_hy8-Culvert-08-hw3.00-bd3d70.rst,3
Culvert-08-hw3.00,1,8.000000,4.557166,4.101449,4.100000,6.320000,4.290000,5-S2n,0.000000,25.000000,8.000000,4.800000,5.000000,4.500000,25.000000,0.020000,1,box,,2.000000,1.000000,25.000000,hy8_runs\hy8-Culvert-08-hw3.00-bd3d70,hy8_runs\hy8-Culvert-08-hw3.00-bd3d70\box_hy8-Culvert-08-hw3.00-bd3d70.rst,4
Culvert-08-hw3.00,1,8.000000,4.557166,4.557166,4.560000,6.450000,4.390000,5-S2n,0.000000,25.000000,8.000000,4.800000,5.000000,4.500000,25.000000,0.020000,1,box,,2.000000,1.000000,25.000000,hy8_runs\hy8-Culvert-08-hw3.00-bd3d70,hy8_runs\hy8-Culvert-08-hw3.00-bd3d70\box_hy8-Culvert-08-hw3.00-bd3d70.rst,5
Culvert-08-hw3.00,1,8.000000,4.557166,5.012883,5.010000,6.600000,4.480000,5-S2n,0.000000,25.000000,8.000000,4.800000,5.000000,4.500000,25.000000,0.020000,1,box,,2.000000,1.000000,25.000000,hy8_runs\hy8-Culvert-08-hw3.00-bd3d70,hy8_runs\hy8-Culvert-08-hw3.00-bd3d70\box_hy8-Culvert-08-hw3.00-bd3d70.rst,6
Culvert-08-hw3.00,1,8.000000,4.557166,5.468599,5.470000,6.760000,4.570000,5-S2n,0.000000,25.000000,8.000000,4.800000,5.000000,4.500000,25.000000,0.020000,1,box,,2.000000,1.000000,25.000000,hy8_runs\hy8-Culvert-08-hw3.00-bd3d70,hy8_runs\hy8-Culvert-08-hw3.00-bd3d70\box_hy8-Culvert-08-hw3.00-bd3d70.rst,7
Culvert-08-hw3.00,1,8.000000,4.557166,6.380032,6.380000,7.120000,4.730000,5-S2n,0.000000,25.000000,8.000000,4.800000,5.000000,4.500000,25.000000,0.020000,1,box,,2.000000,1.000000,25.000000,hy8_runs\hy8-Culvert-08-hw3.00-bd3d70,hy8_runs\hy8-Culvert-08-hw3.00-bd3d70\box_hy8-Culvert-08-hw3.00-bd3d70.rst,8
Culvert-08-hw3.00,1,8.000000,4.557166,12.760064,12.760000,11.580000,7.150000,5-S2n,0.000000,25.000000,8.000000,4.800000,5.000000,4.500000,25.000000,0.020000,1,box,,2.000000,1.000000,25.000000,hy8_runs\hy8-Culvert-08-hw3.00-bd3d70,hy8_runs\hy8-Culvert-08-hw3.00-bd3d70\box_hy8-Culvert-08-hw3.00-bd3d70.rst,9
Culvert-08-Q8.00,0,5.000000,8.000000,0.000000,0.000000,5.000000,0.000000,0-NF,0.000000,0.000000,5.000000,4.800000,5.000000,4.500000,25.000000,0.020000,1,box,,2.000000,1.000000,25.000000,hy8_runs\hy8-Culvert-08-Q8.00-02eb9a,hy8_runs\hy8-Culvert-08-Q8.00-02eb9a\box_hy8-Culvert-08-Q8.00-02eb9a.rst,1
Culvert-08-Q8.00,0,5.000000,8.000000,4.800000,4.800000,6.530000,4.440000,5-S2n,0.000000,25.000000,5.000000,4.800000,5.000000,4.500000,25.000000,0.020000,1,box,,2.000000,1.000000,25.000000,hy8_runs\hy8-Culvert-08-Q8.00-02eb9a,hy8_runs\hy8-Culvert-08-Q8.00-02eb9a\box_hy8-Culvert-08-Q8.00-02eb9a.rst,2
Culvert-08-Q8.00,0,5.000000,8.000000,6.800000,6.800000,7.300000,4.810000,5-S2n,0.000000,25.000000,5.000000,4.800000,5.000000,4.500000,25.000000,0.020000,1,box,,2.000000,1.000000,25.000000,hy8_runs\hy8-Culvert-08-Q8.00-02eb9a,hy8_runs\hy8-Culvert-08-Q8.00-02eb9a\box_hy8-Culvert-08-Q8.00-02eb9a.rst,3
Culvert-08-Q8.00,0,5.000000,8.000000,8.000000,8.000000,7.900000,5.060000,5-S2n,0.000000,25.000000,5.000000,4.800000,5.000000,4.500000,25.000000,0.020000,1,box,,2.000000,1.000000,25.000000,hy8_runs\hy8-Culvert-08-Q8.00-02eb9a,hy8_runs\hy8-Culvert-08-Q8.00-02eb9a\box_hy8-Culvert-08-Q8.00-02eb9a.rst,4
Culvert-08-Q8.00,0,5.000000,8.000000,9.200000,9.200000,8.660000,5.370000,5-S2n,0.000000,25.000000,5.000000,4.800000,5.000000,4.500000,25.000000,0.020000,1,box,,2.000000,1.000000,25.000000,hy8_runs\hy8-Culvert-08-Q8.00-02eb9a,hy8_runs\hy8-Culvert-08-Q8.00-02eb9a\box_hy8-Culvert-08-Q8.00-02eb9a.rst,5
Culvert-09-hw5.00,0,13.000000,12.744863,0.000000,0.000000,8.000000,0.000000,0-NF,0.000000,0.000000,13.000000,7.200000,8.000000,7.000000,40.000000,0.025000,2,box,,3.000000,2.000000,48.000000,hy8_runs\hy8-Culvert-09-hw5.00-5e2cc0,hy8_runs\hy8-Culvert-09-hw5.00-5e2cc0\box_hy8-Culvert-09-hw5.00-5e2cc0.rst,1
Culvert-09-hw5.00,0,13.000000,12.744863,7.646918,7.650000,8.920000,4.450000,1-S2n,0.000000,40.000000,13.000000,7.200000,8.000000,7.000000,40.000000,0.025000,2,box,,3.000000,2.000000,48.000000,hy8_runs\hy8-Culvert-09-hw5.00-5e2cc0,hy8_runs\hy8-Culvert-09-hw5.00-5e2cc0\box_hy8-Culvert-09-hw5.00-5e2cc0.rst,2
Culvert-09-hw5.00,0,13.000000,12.744863,10.195890,10.200000,9.110000,4.790000,1-S2n,0.000000,40.000000,13.000000,7.200000,8.000000,7.000000,40.000000,0.025000,2,box,,3.000000,2.000000,48.000000,hy8_runs\hy8-Culvert-09-hw5.00-5e2cc0,hy8_runs\hy8-Culvert-09-hw5.00-5e2cc0\box_hy8-Culvert-09-hw5.00-5e2cc0.rst,3
Culvert-09-hw5.00,0,13.000000,12.744863,11.470377,11.470000,9.200000,4.930000,1-S2n,0.000000,40.000000,13.000000,7.200000,8.000000,7.000000,40.000000,0.025000,2,box,,3.000000,2.000000,48.000000,hy8_runs\hy8-Culvert-09-hw5.00-5e2cc0,hy8_runs\hy8-Culvert-09-hw5.00-5e2cc0\box_hy8-Culvert-09-hw5.00-5e2cc0.rst,4
Culvert-09-hw5.00,0,13.000000,12.744863,12.744863,12.740000,9.290000,5.050000,1-S2n,0.000000,40.000000,13.000000,7.200000,8.000000,7.000000,40.000000,0.025000,2,box,,3.000000,2.000000,48.000000,hy8_runs\hy8-Culvert-09-hw5.00-5e2cc0,hy8_runs\hy8-Culvert-09-hw5.00-5e2cc0\box_hy8-Culvert-09-hw5.00-5e2cc0.rst,5
Culvert-09-hw5.00,0,13.000000,12.744863,14.019349,14.020000,9.370000,5.160000,1-S2n,0.000000,40.000000,13.000000,7.200000,8.000000,7.000000,40.000000,0.025000,2,box,,3.000000,2.000000,48.000000,hy8_runs\hy8-Culvert-09-hw5.00-5e2cc0,hy8_runs\hy8-Culvert-09-hw5.00-5e2cc0\box_hy8-Culvert-09-hw5.00-5e2cc0.rst,6
Culvert-09-hw5.00,0,13.000000,12.744863,15.293836,15.290000,9.450000,5.260000,1-S2n,0.000000,40.000000,13.000000,7.200000,8.000000,7.000000,40.000000,0.025000,2,box,,3.000000,2.000000,48.000000,hy8_runs\hy8-Culvert-09-hw5.00-5e2cc0,hy8_runs\hy8-Culvert-09-hw5.00-5e2cc0\box_hy8-Culvert-09-hw5.00-5e2cc0.rst,7
Culvert-09-hw5.00,0,13.000000,12.744863,17.842808,17.840000,9.610000,5.440000,1-S2n,0.000000,40.000000,13.000000,7.200000,8.000000,7.000000,40.000000,0.025000,2,box,,3.000000,2.000000,48.000000,hy8_runs\hy8-Culvert-09-hw5.00-5e2cc0,hy8_runs\hy8-Culvert-09-hw5.00-5e2cc0\box_hy8-Culvert-09-hw5.00-5e2cc0.rst,8
Culvert-09-hw5.00,1,13.000000,12.744863,0.000000,0.000000,8.000000,0.000000,0-NF,0.000000,0.000000,13.000000,7.200000,8.000000,7.000000,40.000000,0.025000,2,box,,3.000000,2.000000,48.000000,hy8_runs\hy8-Culvert-09-hw5.00-0eb0d1,hy8_runs\hy8-Culvert-09-hw5.00-0eb0d1\box_hy8-Culvert-09-hw5.00-0eb0d1.rst,1
Culvert-09-hw5.00,1,13.000000,12.744863,7.646918,7.650000,8.920000,4.450000,1-S2n,0.000000,40.000000,13.000000,7.200000,8.000000,7.000000,40.000000,0.025000,2,box,,3.000000,2.000000,48.000000,hy8_runs\hy8-Culvert-09-hw5.00-0eb0d1,hy8_runs\hy8-Culvert-09-hw5.00-0eb0d1\box_hy8-Culvert-09-hw5.00-0eb0d1.rst,2
Culvert-09-hw5.00,1,13.000000,12.744863,10.195890,10.200000,9.110000,4.790000,1-S2n,0.000000,40.000000,13.000000,7.200000,8.000000,7.000000,40.000000,0.025000,2,box,,3.000000,2.000000,48.000000,hy8_runs\hy8-Culvert-09-hw5.00-0eb0d1,hy8_runs\hy8-Culvert-09-hw5.00-0eb0d1\box_hy8-Culvert-09-hw5.00-0eb0d1.rst,3
Culvert-09-hw5.00,1,13.000000,12.744863,11.470377,11.470000,9.200000,4.930000,1-S2n,0.000000,40.000000,13.000000,7.200000,8.000000,7.000000,40.000000,0.025000,2,box,,3.000000,2.000000,48.000000,hy8_runs\hy8-Culvert-09-hw5.00-0eb0d1,hy8_runs\hy8-Culvert-09-hw5.00-0eb0d1\box_hy8-Culvert-09-hw5.00-0eb0d1.rst,4
Culvert-09-hw5.00,1,13.000000,12.744863,12.744863,12.740000,9.290000,5.050000,1-S2n,0.000000,40.000000,13.000000,7.200000,8.000000,7.000000,40.000000,0.025000,2,box,,3.000000,2.000000,48.000000,hy8_runs\hy8-Culvert-09-hw5.00-0eb0d1,hy8_runs\hy8-Culvert-09-hw5.00-0eb0d1\box_hy8-Culvert-09-hw5.00-0eb0d1.rst,5
Culvert-09-hw5.00,1,13.000000,12.744863,14.019349,14.020000,9.370000,5.160000,1-S2n,0.000000,40.000000,13.000000,7.200000,8.000000,7.000000,40.000000,0.025000,2,box,,3.000000,2.000000,48.000000,hy8_runs\hy8-Culvert-09-hw5.00-0eb0d1,hy8_runs\hy8-Culvert-09-hw5.00-0eb0d1\box_hy8-Culvert-09-hw5.00-0eb0d1.rst,6
Culvert-09-hw5.00,1,13.000000,12.744863,15.293836,15.290000,9.450000,5.260000,1-S2n,0.000000,40.000000,13.000000,7.200000,8.000000,7.000000,40.000000,0.025000,2,box,,3.000000,2.000000,48.000000,hy8_runs\hy8-Culvert-09-hw5.00-0eb0d1,hy8_runs\hy8-Culvert-09-hw5.00-0eb0d1\box_hy8-Culvert-09-hw5.00-0eb0d1.rst,7
Culvert-09-hw5.00,1,13.000000,12.744863,17.842808,17.840000,9.610000,5.440000,1-S2n,0.000000,40.000000,13.000000,7.200000,8.000000,7.000000,40.000000,0.025000,2,box,,3.000000,2.000000,48.000000,hy8_runs\hy8-Culvert-09-hw5.00-0eb0d1,hy8_runs\hy8-Culvert-09-hw5.00-0eb0d1\box_hy8-Culvert-09-hw5.00-0eb0d1.rst,8
Culvert-09-hw5.00,1,13.000000,12.744863,35.685616,35.690000,10.700000,6.290000,5-S2n,0.000000,40.000000,13.000000,7.200000,8.000000,7.000000,40.000000,0.025000,2,box,,3.000000,2.000000,48.000000,hy8_runs\hy8-Culvert-09-hw5.00-0eb0d1,hy8_runs\hy8-Culvert-09-hw5.00-0eb0d1\box_hy8-Culvert-09-hw5.00-0eb0d1.rst,9
Culvert-09-hw5.00,2,13.000000,12.744863,0.000000,0.000000,8.000000,0.000000,0-NF,0.000000,0.000000,13.000000,7.200000,8.000000,7.000000,40.000000,0.025000,2,box,,3.000000,2.000000,48.000000,hy8_runs\hy8-Culvert-09-hw5.00-0b3b45,hy8_runs\hy8-Culvert-09-hw5.00-0b3b45\box_hy8-Culvert-09-hw5.00-0b3b45.rst,1
Culvert-09-hw5.00,2,13.000000,12.744863,7.646918,7.650000,8.920000,4.450000,1-S2n,0.000000,40.000000,13.000000,7.200000,8.000000,7.000000,40.000000,0.025000,2,box,,3.000000,2.000000,48.000000,hy8_runs\hy8-Culvert-09-hw5.00-0b3b45,hy8_runs\hy8-Culvert-09-hw5.00-0b3b45\box_hy8-Culvert-09-hw5.00-0b3b45.rst,2
Culvert-09-hw5.00,2,13.000000,12.744863,10.195890,10.200000,9.110000,4.790000,1-S2n,0.000000,40.000000,13.000000,7.200000,8.000000,7.000000,40.000000,0.025000,2,box,,3.000000,2.000000,48.000000,hy8_runs\hy8-Culvert-09-hw5.00-0b3b45,hy8_runs\hy8-Culvert-09-hw5.00-0b3b45\box_hy8-Culvert-09-hw5.00-0b3b45.rst,3
Culvert-09-hw5.00,2,13.000000,12.744863,11.470377,11.470000,9.200000,4.930000,1-S2n,0.000000,40.000000,13.000000,7.200000,8.000000,7.000000,40.000000,0.025000,2,box,,3.000000,2.000000,48.000000,hy8_runs\hy8-Culvert-09-hw5.00-0b3b45,hy8_runs\hy8-Culvert-09-hw5.00-0b3b45\box_hy8-Culvert-09-hw5.00-0b3b45.rst,4
Culvert-09-hw5.00,2,13.000000,12.744863,12.744863,12.740000,9.290000,5.050000,1-S2n,0.000000,40.000000,13.000000,7.200000,8.000000,7.000000,40.000000,0.025000,2,box,,3.000000,2.000000,48.000000,hy8_runs\hy8-Culvert-09-hw5.00-0b3b45,hy8_runs\hy8-Culvert-09-hw5.00-0b3b45\box_hy8-Culvert-09-hw5.00-0b3b45.rst,5
Culvert-09-hw5.00,2,13.000000,12.744863,14.019349,14.020000,9.370000,5.160000,1-S2n,0.000000,40.000000,13.000000,7.200000,8.000000,7.000000,40.000000,0.025000,2,box,,3.000000,2.000000,48.000000,hy8_runs\hy8-Culvert-09-hw5.00-0b3b45,hy8_runs\hy8-Culvert-09-hw5.00-0b3b45\box_hy8-Culvert-09-hw5.00-0b3b45.rst,6
Culvert-09-hw5.00,2,13.000000,12.744863,15.293836,15.290000,9.450000,5.260000,1-S2n,0.000000,40.000000,13.000000,7.200000,8.000000,7.000000,40.000000,0.025000,2,box,,3.000000,2.000000,48.000000,hy8_runs\hy8-Culvert-09-hw5.00-0b3b45,hy8_runs\hy8-Culvert-09-hw5.00-0b3b45\box_hy8-Culvert-09-hw5.00-0b3b45.rst,7
Culvert-09-hw5.00,2,13.000000,12.744863,17.842808,17.840000,9.610000,5.440000,1-S2n,0.000000,40.000000,13.000000,7.200000,8.000000,7.000000,40.000000,0.025000,2,box,,3.000000,2.000000,48.000000,hy8_runs\hy8-Culvert-09-hw5.00-0b3b45,hy8_runs\hy8-Culvert-09-hw5.00-0b3b45\box_hy8-Culvert-09-hw5.00-0b3b45.rst,8
Culvert-09-hw5.00,2,13.000000,12.744863,35.685616,35.690000,10.700000,6.290000,5-S2n,0.000000,40.000000,13.000000,7.200000,8.000000,7.000000,40.000000,0.025000,2,box,,3.000000,2.000000,48.000000,hy8_runs\hy8-Culvert-09-hw5.00-0b3b45,hy8_runs\hy8-Culvert-09-hw5.00-0b3b45\box_hy8-Culvert-09-hw5.00-0b3b45.rst,9
Culvert-09-hw5.00,2,13.000000,12.744863,71.371232,71.370000,14.280000,7.470000,5-S2n,0.000000,40.000000,13.000000,7.200000,8.000000,7.000000,40.000000,0.025000,2,box,,3.000000,2.000000,48.000000,hy8_runs\hy8-Culvert-09-hw5.00-0b3b45,hy8_runs\hy8-Culvert-09-hw5.00-0b3b45\box_hy8-Culvert-09-hw5.00-0b3b45.rst,10
Culvert-09-Q15.00,0,8.000000,15.000000,0.000000,0.000000,8.000000,0.000000,0-NF,0.000000,0.000000,8.000000,7.200000,8.000000,7.000000,40.000000,0.025000,2,box,,3.000000,2.000000,48.000000,hy8_runs\hy8-Culvert-09-Q15.00-bade94,hy8_runs\hy8-Culvert-09-Q15.00-bade94\box_hy8-Culvert-09-Q15.00-bade94.rst,1
Culvert-09-Q15.00,0,8.000000,15.000000,9.000000,9.000000,9.020000,4.650000,1-S2n,0.000000,40.000000,8.000000,7.200000,8.000000,7.000000,40.000000,0.025000,2,box,,3.000000,2.000000,48.000000,hy8_runs\hy8-Culvert-09-Q15.00-bade94,hy8_runs\hy8-Culvert-09-Q15.00-bade94\box_hy8-Culvert-09-Q15.00-bade94.rst,2
Culvert-09-Q15.00,0,8.000000,15.000000,12.750000,12.750000,9.290000,5.050000,1-S2n,0.000000,40.000000,8.000000,7.200000,8.000000,7.000000,40.000000,0.025000,2,box,,3.000000,2.000000,48.000000,hy8_runs\hy8-Culvert-09-Q15.00-bade94,hy8_runs\hy8-Culvert-09-Q15.00-bade94\box_hy8-Culvert-09-Q15.00-bade94.rst,3
Culvert-09-Q15.00,0,8.000000,15.000000,15.000000,15.000000,9.430000,5.240000,1-S2n,0.000000,40.000000,8.000000,7.200000,8.000000,7.000000,40.000000,0.025000,2,box,,3.000000,2.000000,48.000000,hy8_runs\hy8-Culvert-09-Q15.00-bade94,hy8_runs\hy8-Culvert-09-Q15.00-bade94\box_hy8-Culvert-09-Q15.00-bade94.rst,4
Culvert-09-Q15.00,0,8.000000,15.000000,17.250000,17.250000,9.570000,5.400000,1-S2n,0.000000,40.000000,8.000000,7.200000,8.000000,7.000000,40.000000,0.025000,2,box,,3.000000,2.000000,48.000000,hy8_runs\hy8-Culvert-09-Q15.00-bade94,hy8_runs\hy8-Culvert-09-Q15.00-bade94\box_hy8-Culvert-09-Q15.00-bade94.rst,5
Culvert-10-hw5.00,0,55.000000,0.313193,0.000000,0.000000,50.000000,0.000000,0-NF,0.000000,0.000000,55.000000,49.600000,50.000000,49.500000,60.000000,0.008333,1,circular,0.600000,,,62.000000,hy8_runs\hy8-Culvert-10-hw5.00-00842f,hy8_runs\hy8-Culvert-10-hw5.00-00842f\circular_hy8-Culvert-10-hw5.00-00842f.rst,1
Culvert-10-hw5.00,0,55.000000,0.313193,0.187916,0.190000,50.410000,1.900000,1-S2n,0.000000,60.000000,55.000000,49.600000,50.000000,49.500000,60.000000,0.008333,1,circular,0.600000,,,62.000000,hy8_runs\hy8-Culvert-10-hw5.00-00842f,hy8_runs\hy8-Culvert-10-hw5.00-00842f\circular_hy8-Culvert-10-hw5.00-00842f.rst,2
Culvert-10-hw5.00,0,55.000000,0.313193,0.250554,0.250000,50.480000,2.050000,1-S2n,0.000000,60.000000,55.000000,49.600000,50.000000,49.500000,60.000000,0.008333,1,circular,0.600000,,,62.000000,hy8_runs\hy8-Culvert-10-hw5.00-00842f,hy8_runs\hy8-Culvert-10-hw5.00-00842f\circular_hy8-Culvert-10-hw5.00-00842f.rst,3
Culvert-10-hw5.00,0,55.000000,0.313193,0.281874,0.280000,50.520000,2.110000,1-S2n,0.000000,60.000000,55.000000,49.600000,50.000000,49.500000,60.000000,0.008333,1,circular,0.600000,,,62.000000,hy8_runs\hy8-Culvert-10-hw5.00-00842f,hy8_runs\hy8-Culvert-10-hw5.00-00842f\circular_hy8-Culvert-10-hw5.00-00842f.rst,4
Culvert-10-hw5.00,0,55.000000,0.313193,0.313193,0.310000,50.560000,2.170000,1-S2n,0.000000,60.000000,55.000000,49.600000,50.000000,49.500000,60.000000,0.008333,1,circular,0.600000,,,62.000000,hy8_runs\hy8-Culvert-10-hw5.00-00842f,hy8_runs\hy8-Culvert-10-hw5.00-00842f\circular_hy8-Culvert-10-hw5.00-00842f.rst,5
Culvert-10-hw5.00,0,55.000000,0.313193,0.344512,0.340000,50.590000,2.220000,1-S2n,0.000000,60.000000,55.000000,49.600000,50.000000,49.500000,60.000000,0.008333,1,circular,0.600000,,,62.000000,hy8_runs\hy8-Culvert-10-hw5.00-00842f,hy8_runs\hy8-Culvert-10-hw5.00-00842f\circular_hy8-Culvert-10-hw5.00-00842f.rst,6
Culvert-10-hw5.00,0,55.000000,0.313193,0.375832,0.380000,50.630000,2.260000,5-S2n,0.000000,60.000000,55.000000,49.600000,50.000000,49.500000,60.000000,0.008333,1,circular,0.600000,,,62.000000,hy8_runs\hy8-Culvert-10-hw5.00-00842f,hy8_runs\hy8-Culvert-10-hw5.00-00842f\circular_hy8-Culvert-10-hw5.00-00842f.rst,7
Culvert-10-hw5.00,0,55.000000,0.313193,0.438470,0.440000,50.720000,2.340000,5-S2n,0.000000,60.000000,55.000000,49.600000,50.000000,49.500000,60.000000,0.008333,1,circular,0.600000,,,62.000000,hy8_runs\hy8-Culvert-10-hw5.00-00842f,hy8_runs\hy8-Culvert-10-hw5.00-00842f\circular_hy8-Culvert-10-hw5.00-00842f.rst,8
Culvert-10-hw5.00,1,55.000000,0.313193,0.000000,0.000000,50.000000,0.000000,0-NF,0.000000,0.000000,55.000000,49.600000,50.000000,49.500000,60.000000,0.008333,1,circular,0.600000,,,62.000000,hy8_runs\hy8-Culvert-10-hw5.00-792f38,hy8_runs\hy8-Culvert-10-hw5.00-792f38\circular_hy8-Culvert-10-hw5.00-792f38.rst,1
Culvert-10-hw5.00,1,55.000000,0.313193,0.187916,0.190000,50.410000,1.900000,1-S2n,0.000000,60.000000,55.000000,49.600000,50.000000,49.500000,60.000000,0.008333,1,circular,0.600000,,,62.000000,hy8_runs\hy8-Culvert-10-hw5.00-792f38,hy8_runs\hy8-Culvert-10-hw5.00-792f38\circular_hy8-Culvert-10-hw5.00-792f38.rst,2
Culvert-10-hw5.00,1,55.000000,0.313193,0.250554,0.250000,50.480000,2.050000,1-S2n,0.000000,60.000000,55.000000,49.600000,50.000000,49.500000,60.000000,0.008333,1,circular,0.600000,,,62.000000,hy8_runs\hy8-Culvert-10-hw5.00-792f38,hy8_runs\hy8-Culvert-10-hw5.00-792f38\circular_hy8-Culvert-10-hw5.00-792f38.rst,3
Culvert-10-hw5.00,1,55.000000,0.313193,0.281874,0.280000,50.520000,2.110000,1-S2n,0.000000,60.000000,55.000000,49.600000,50.000000,49.500000,60.000000,0.008333,1,circular,0.600000,,,62.000000,hy8_runs\hy8-Culvert-10-hw5.00-792f38,hy8_runs\hy8-Culvert-10-hw5.00-792f38\circular_hy8-Culvert-10-hw5.00-792f38.rst,4
Culvert-10-hw5.00,1,55.000000,0.313193,0.313193,0.310000,50.560000,2.170000,1-S2n,0.000000,60.000000,55.000000,49.600000,50.000000,49.500000,60.000000,0.008333,1,circular,0.600000,,,62.000000,hy8_runs\hy8-Culvert-10-hw5.00-792f38,hy8_runs\hy8-Culvert-10-hw5.00-792f38\circular_hy8-Culvert-10-hw5.00-792f38.rst,5
Culvert-10-hw5.00,1,55.000000,0.313193,0.344512,0.340000,50.590000,2.220000,1-S2n,0.000000,60.000000,55.000000,49.600000,50.000000,49.500000,60.000000,0.008333,1,circular,0.600000,,,62.000000,hy8_runs\hy8-Culvert-10-hw5.00-792f38,hy8_runs\hy8-Culvert-10-hw5.00-792f38\circular_hy8-Culvert-10-hw5.00-792f38.rst,6
Culvert-10-hw5.00,1,55.000000,0.313193,0.375832,0.380000,50.630000,2.260000,5-S2n,0.000000,60.000000,55.000000,49.600000,50.000000,49.500000,60.000000,0.008333,1,circular,0.600000,,,62.000000,hy8_runs\hy8-Culvert-10-hw5.00-792f38,hy8_runs\hy8-Culvert-10-hw5.00-792f38\circular_hy8-Culvert-10-hw5.00-792f38.rst,7
Culvert-10-hw5.00,1,55.000000,0.313193,0.438470,0.440000,50.720000,2.340000,5-S2n,0.000000,60.000000,55.000000,49.600000,50.000000,49.500000,60.000000,0.008333,1,circular,0.600000,,,62.000000,hy8_runs\hy8-Culvert-10-hw5.00-792f38,hy8_runs\hy8-Culvert-10-hw5.00-792f38\circular_hy8-Culvert-10-hw5.00-792f38.rst,8
Culvert-10-hw5.00,1,55.000000,0.313193,0.876940,0.880000,51.860000,3.170000,7-M2c,58.590000,1.410000,55.000000,49.600000,50.000000,49.500000,60.000000,0.008333,1,circular,0.600000,,,62.000000,hy8_runs\hy8-Culvert-10-hw5.00-792f38,hy8_runs\hy8-Culvert-10-hw5.00-792f38\circular_hy8-Culvert-10-hw5.00-792f38.rst,9
Culvert-10-hw5.00,2,55.000000,0.313193,0.000000,0.000000,50.000000,0.000000,0-NF,0.000000,0.000000,55.000000,49.600000,50.000000,49.500000,60.000000,0.008333,1,circular,0.600000,,,62.000000,hy8_runs\hy8-Culvert-10-hw5.00-31091b,hy8_runs\hy8-Culvert-10-hw5.00-31091b\circular_hy8-Culvert-10-hw5.00-31091b.rst,1
Culvert-10-hw5.00,2,55.000000,0.313193,0.187916,0.190000,50.410000,1.900000,1-S2n,0.000000,60.000000,55.000000,49.600000,50.000000,49.500000,60.000000,0.008333,1,circular,0.600000,,,62.000000,hy8_runs\hy8-Culvert-10-hw5.00-31091b,hy8_runs\hy8-Culvert-10-hw5.00-31091b\circular_hy8-Culvert-10-hw5.00-31091b.rst,2
Culvert-10-hw5.00,2,55.000000,0.313193,0.250554,0.250000,50.480000,2.050000,1-S2n,0.000000,60.000000,55.000000,49.600000,50.000000,49.500000,60.000000,0.008333,1,circular,0.600000,,,62.000000,hy8_runs\hy8-Culvert-10-hw5.00-31091b,hy8_runs\hy8-Culvert-10-hw5.00-31091b\circular_hy8-Culvert-10-hw5.00-31091b.rst,3
Culvert-10-hw5.00,2,55.000000,0.313193,0.281874,0.280000,50.520000,2.110000,1-S2n,0.000000,60.000000,55.000000,49.600000,50.000000,49.500000,60.000000,0.008333,1,circular,0.600000,,,62.000000,hy8_runs\hy8-Culvert-10-hw5.00-31091b,hy8_runs\hy8-Culvert-10-hw5.00-31091b\circular_hy8-Culvert-10-hw5.00-31091b.rst,4
Culvert-10-hw5.00,2,55.000000,0.313193,0.313193,0.310000,50.560000,2.170000,1-S2n,0.000000,60.000000,55.000000,49.600000,50.000000,49.500000,60.000000,0.008333,1,circular,0.600000,,,62.000000,hy8_runs\hy8-Culvert-10-hw5.00-31091b,hy8_runs\hy8-Culvert-10-hw5.00-31091b\circular_hy8-Culvert-10-hw5.00-31091b.rst,5
Culvert-10-hw5.00,2,55.000000,0.313193,0.344512,0.340000,50.590000,2.220000,1-S2n,0.000000,60.000000,55.000000,49.600000,50.000000,49.500000,60.000000,0.008333,1,circular,0.600000,,,62.000000,hy8_runs\hy8-Culvert-10-hw5.00-31091b,hy8_runs\hy8-Culvert-10-hw5.00-31091b\circular_hy8-Culvert-10-hw5.00-31091b.rst,6
Culvert-10-hw5.00,2,55.000000,0.313193,0.375832,0.380000,50.630000,2.260000,5-S2n,0.000000,60.000000,55.000000,49.600000,50.000000,49.500000,60.000000,0.008333,1,circular,0.600000,,,62.000000,hy8_runs\hy8-Culvert-10-hw5.00-31091b,hy8_runs\hy8-Culvert-10-hw5.00-31091b\circular_hy8-Culvert-10-hw5.00-31091b.rst,7
Culvert-10-hw5.00,2,55.000000,0.313193,0.438470,0.440000,50.720000,2.340000,5-S2n,0.000000,60.000000,55.000000,49.600000,50.000000,49.500000,60.000000,0.008333,1,circular,0.600000,,,62.000000,hy8_runs\hy8-Culvert-10-hw5.00-31091b,hy8_runs\hy8-Culvert-10-hw5.00-31091b\circular_hy8-Culvert-10-hw5.00-31091b.rst,8
Culvert-10-hw5.00,2,55.000000,0.313193,0.876940,0.880000,51.860000,3.170000,7-M2c,58.590000,1.410000,55.000000,49.600000,50.000000,49.500000,60.000000,0.008333,1,circular,0.600000,,,62.000000,hy8_runs\hy8-Culvert-10-hw5.00-31091b,hy8_runs\hy8-Culvert-10-hw5.00-31091b\circular_hy8-Culvert-10-hw5.00-31091b.rst,9
Culvert-10-hw5.00,2,55.000000,0.313193,1.753880,1.750000,57.190000,6.200000,6-FFc,60.000000,0.000000,55.000000,49.600000,50.000000,49.500000,60.000000,0.008333,1,circular,0.600000,,,62.000000,hy8_runs\hy8-Culvert-10-hw5.00-31091b,hy8_runs\hy8-Culvert-10-hw5.00-31091b\circular_hy8-Culvert-10-hw5.00-31091b.rst,10
Culvert-10-Q5.00,0,50.000000,5.000000,0.000000,0.000000,50.000000,0.000000,0-NF,0.000000,0.000000,50.000000,49.600000,50.000000,49.500000,60.000000,0.008333,1,circular,0.600000,,,62.000000,hy8_runs\hy8-Culvert-10-Q5.00-eadcf2,hy8_runs\hy8-Culvert-10-Q5.00-eadcf2\circular_hy8-Culvert-10-Q5.00-eadcf2.rst,1
Culvert-10-Q5.00,0,50.000000,5.000000,3.000000,3.000000,62.040000,8.050000,6-FFc,60.000000,0.000000,50.000000,49.600000,50.000000,49.500000,60.000000,0.008333,1,circular,0.600000,,,62.000000,hy8_runs\hy8-Culvert-10-Q5.00-eadcf2,hy8_runs\hy8-Culvert-10-Q5.00-eadcf2\circular_hy8-Culvert-10-Q5.00-eadcf2.rst,2
Culvert-10-Q5.00,0,50.000000,5.000000,4.250000,4.250000,62.070000,8.060000,6-FFc,60.000000,0.000000,50.000000,49.600000,50.000000,49.500000,60.000000,0.008333,1,circular,0.600000,,,62.000000,hy8_runs\hy8-Culvert-10-Q5.00-eadcf2,hy8_runs\hy8-Culvert-10-Q5.00-eadcf2\circular_hy8-Culvert-10-Q5.00-eadcf2.rst,3
Culvert-10-Q5.00,0,50.000000,5.000000,5.000000,5.000000,62.090000,8.070000,6-FFc,60.000000,0.000000,50.000000,49.600000,50.000000,49.500000,60.000000,0.008333,1,circular,0.600000,,,62.000000,hy8_runs\hy8-Culvert-10-Q5.00-eadcf2,hy8_runs\hy8-Culvert-10-Q5.00-eadcf2\circular_hy8-Culvert-10-Q5.00-eadcf2.rst,4
Culvert-10-Q5.00,0,50.000000,5.000000,5.750000,5.750000,62.110000,8.070000,6-FFc,60.000000,0.000000,50.000000,49.600000,50.000000,49.500000,60.000000,0.008333,1,circular,0.600000,,,62.000000,hy8_runs\hy8-Culvert-10-Q5.00-eadcf2,hy8_runs\hy8-Culvert-10-Q5.00-eadcf2\circular_hy8-Culvert-10-Q5.00-eadcf2.rst,5
Culvert-11-hw5.00,0,17.000000,0.483438,0.000000,0.000000,12.000000,0.000000,0-NF,0.000000,0.000000,17.000000,11.100000,12.000000,11.000000,25.000000,0.040000,1,circular,1.200000,,,36.000000,hy8_runs\hy8-Culvert-11-hw5.00-e71702,hy8_runs\hy8-Culvert-11-hw5.00-e71702\circular_hy8-Culvert-11-hw5.00-e71702.rst,1
Culvert-11-hw5.00,0,17.000000,0.483438,0.290063,0.290000,12.410000,2.140000,1-S2n,0.000000,25.000000,17.000000,11.100000,12.000000,11.000000,25.000000,0.040000,1,circular,1.200000,,,36.000000,hy8_runs\hy8-Culvert-11-hw5.00-e71702,hy8_runs\hy8-Culvert-11-hw5.00-e71702\circular_hy8-Culvert-11-hw5.00-e71702.rst,2
Culvert-11-hw5.00,0,17.000000,0.483438,0.386750,0.390000,12.470000,2.330000,1-S2n,0.000000,25.000000,17.000000,11.100000,12.000000,11.000000,25.000000,0.040000,1,circular,1.200000,,,36.000000,hy8_runs\hy8-Culvert-11-hw5.00-e71702,hy8_runs\hy8-Culvert-11-hw5.00-e71702\circular_hy8-Culvert-11-hw5.00-e71702.rst,3
Culvert-11-hw5.00,0,17.000000,0.483438,0.435094,0.440000,12.500000,2.420000,1-S2n,0.000000,25.000000,17.000000,11.100000,12.000000,11.000000,25.000000,0.040000,1,circular,1.200000,,,36.000000,hy8_runs\hy8-Culvert-11-hw5.00-e71702,hy8_runs\hy8-Culvert-11-hw5.00-e71702\circular_hy8-Culvert-11-hw5.00-e71702.rst,4
Culvert-11-hw5.00,0,17.000000,0.483438,0.483438,0.480000,12.530000,2.490000,1-S2n,0.000000,25.000000,17.000000,11.100000,12.000000,11.000000,25.000000,0.040000,1,circular,1.200000,,,36.000000,hy8_runs\hy8-Culvert-11-hw5.00-e71702,hy8_runs\hy8-Culvert-11-hw5.00-e71702\circular_hy8-Culvert-11-hw5.00-e71702.rst,5
Culvert-11-hw5.00,0,17.000000,0.483438,0.531782,0.530000,12.560000,2.560000,1-S2n,0.000000,25.000000,17.000000,11.100000,12.000000,11.000000,25.000000,0.040000,1,circular,1.200000,,,36.000000,hy8_runs\hy8-Culvert-11-hw5.00-e71702,hy8_runs\hy8-Culvert-11-hw5.00-e71702\circular_hy8-Culvert-11-hw5.00-e71702.rst,6
Culvert-11-hw5.00,0,17.000000,0.483438,0.580126,0.580000,12.590000,2.620000,1-S2n,0.000000,25.000000,17.000000,11.100000,12.000000,11.000000,25.000000,0.040000,1,circular,1.200000,,,36.000000,hy8_runs\hy8-Culvert-11-hw5.00-e71702,hy8_runs\hy8-Culvert-11-hw5.00-e71702\circular_hy8-Culvert-11-hw5.00-e71702.rst,7
Culvert-11-hw5.00,0,17.000000,0.483438,0.676813,0.680000,12.640000,2.720000,1-S2n,0.000000,25.000000,17.000000,11.100000,12.000000,11.000000,25.000000,0.040000,1,circular,1.200000,,,36.000000,hy8_runs\hy8-Culvert-11-hw5.00-e71702,hy8_runs\hy8-Culvert-11-hw5.00-e71702\circular_hy8-Culvert-11-hw5.00-e71702.rst,8
Culvert-11-hw5.00,1,17.000000,0.483438,0.000000,0.000000,12.000000,0.000000,0-NF,0.000000,0.000000,17.000000,11.100000,12.000000,11.000000,25.000000,0.040000,1,circular,1.200000,,,36.000000,hy8_runs\hy8-Culvert-11-hw5.00-3aa316,hy8_runs\hy8-Culvert-11-hw5.00-3aa316\circular_hy8-Culvert-11-hw5.00-3aa316.rst,1
Culvert-11-hw5.00,1,17.000000,0.483438,0.290063,0.290000,12.410000,2.140000,1-S2n,0.000000,25.000000,17.000000,11.100000,12.000000,11.000000,25.000000,0.040000,1,circular,1.200000,,,36.000000,hy8_runs\hy8-Culvert-11-hw5.00-3aa316,hy8_runs\hy8-Culvert-11-hw5.00-3aa316\circular_hy8-Culvert-11-hw5.00-3aa316.rst,2
Culvert-11-hw5.00,1,17.000000,0.483438,0.386750,0.390000,12.470000,2.330000,1-S2n,0.000000,25.000000,17.000000,11.100000,12.000000,11.000000,25.000000,0.040000,1,circular,1.200000,,,36.000000,hy8_runs\hy8-Culvert-11-hw5.00-3aa316,hy8_runs\hy8-Culvert-11-hw5.00-3aa316\circular_hy8-Culvert-11-hw5.00-3aa316.rst,3
Culvert-11-hw5.00,1,17.000000,0.483438,0.435094,0.440000,12.500000,2.420000,1-S2n,0.000000,25.000000,17.000000,11.100000,12.000000,11.000000,25.000000,0.040000,1,circular,1.200000,,,36.000000,hy8_runs\hy8-Culvert-11-hw5.00-3aa316,hy8_runs\hy8-Culvert-11-hw5.00-3aa316\circular_hy8-Culvert-11-hw5.00-3aa316.rst,4
Culvert-11-hw5.00,1,17.000000,0.483438,0.483438,0.480000,12.530000,2.490000,1-S2n,0.000000,25.000000,17.000000,11.100000,12.000000,11.000000,25.000000,0.040000,1,circular,1.200000,,,36.000000,hy8_runs\hy8-Culvert-11-hw5.00-3aa316,hy8_runs\hy8-Culvert-11-hw5.00-3aa316\circular_hy8-Culvert-11-hw5.00-3aa316.rst,5
Culvert-11-hw5.00,1,17.000000,0.483438,0.531782,0.530000,12.560000,2.560000,1-S2n,0.000000,25.000000,17.000000,11.100000,12.000000,11.000000,25.000000,0.040000,1,circular,1.200000,,,36.000000,hy8_runs\hy8-Culvert-11-hw5.00-3aa316,hy8_runs\hy8-Culvert-11-hw5.00-3aa316\circular_hy8-Culvert-11-hw5.00-3aa316.rst,6
Culvert-11-hw5.00,1,17.000000,0.483438,0.580126,0.580000,12.590000,2.620000,1-S2n,0.000000,25.000000,17.000000,11.100000,12.000000,11.000000,25.000000,0.040000,1,circular,1.200000,,,36.000000,hy8_runs\hy8-Culvert-11-hw5.00-3aa316,hy8_runs\hy8-Culvert-11-hw5.00-3aa316\circular_hy8-Culvert-11-hw5.00-3aa316.rst,7
Culvert-11-hw5.00,1,17.000000,0.483438,0.676813,0.680000,12.640000,2.720000,1-S2n,0.000000,25.000000,17.000000,11.100000,12.000000,11.000000,25.000000,0.040000,1,circular,1.200000,,,36.000000,hy8_runs\hy8-Culvert-11-hw5.00-3aa316,hy8_runs\hy8-Culvert-11-hw5.00-3aa316\circular_hy8-Culvert-11-hw5.00-3aa316.rst,8
Culvert-11-hw5.00,1,17.000000,0.483438,1.353626,1.350000,12.980000,3.330000,1-S2n,0.000000,25.000000,17.000000,11.100000,12.000000,11.000000,25.000000,0.040000,1,circular,1.200000,,,36.000000,hy8_runs\hy8-Culvert-11-hw5.00-3aa316,hy8_runs\hy8-Culvert-11-hw5.00-3aa316\circular_hy8-Culvert-11-hw5.00-3aa316.rst,9
Culvert-11-hw5.00,2,17.000000,0.483438,0.000000,0.000000,12.000000,0.000000,0-NF,0.000000,0.000000,17.000000,11.100000,12.000000,11.000000,25.000000,0.040000,1,circular,1.200000,,,36.000000,hy8_runs\hy8-Culvert-11-hw5.00-247e02,hy8_runs\hy8-Culvert-11-hw5.00-247e02\circular_hy8-Culvert-11-hw5.00-247e02.rst,1
Culvert-11-hw5.00,2,17.000000,0.483438,0.290063,0.290000,12.410000,2.140000,1-S2n,0.000000,25.000000,17.000000,11.100000,12.000000,11.000000,25.000000,0.040000,1,circular,1.200000,,,36.000000,hy8_runs\hy8-Culvert-11-hw5.00-247e02,hy8_runs\hy8-Culvert-11-hw5.00-247e02\circular_hy8-Culvert-11-hw5.00-247e02.rst,2
Culvert-11-hw5.00,2,17.000000,0.483438,0.386750,0.390000,12.470000,2.330000,1-S2n,0.000000,25.000000,17.000000,11.100000,12.000000,11.000000,25.000000,0.040000,1,circular,1.200000,,,36.000000,hy8_runs\hy8-Culvert-11-hw5.00-247e02,hy8_runs\hy8-Culvert-11-hw5.00-247e02\circular_hy8-Culvert-11-hw5.00-247e02.rst,3
Culvert-11-hw5.00,2,17.000000,0.483438,0.435094,0.440000,12.500000,2.420000,1-S2n,0.000000,25.000000,17.000000,11.100000,12.000000,11.000000,25.000000,0.040000,1,circular,1.200000,,,36.000000,hy8_runs\hy8-Culvert-11-hw5.00-247e02,hy8_runs\hy8-Culvert-11-hw5.00-247e02\circular_hy8-Culvert-11-hw5.00-247e02.rst,4
Culvert-11-hw5.00,2,17.000000,0.483438,0.483438,0.480000,12.530000,2.490000,1-S2n,0.000000,25.000000,17.000000,11.100000,12.000000,11.000000,25.000000,0.040000,1,circular,1.200000,,,36.000000,hy8_runs\hy8-Culvert-11-hw5.00-247e02,hy8_runs\hy8-Culvert-11-hw5.00-247e02\circular_hy8-Culvert-11-hw5.00-247e02.rst,5
Culvert-11-hw5.00,2,17.000000,0.483438,0.531782,0.530000,12.560000,2.560000,1-S2n,0.000000,25.000000,17.000000,11.100000,12.000000,11.000000,25.000000,0.040000,1,circular,1.200000,,,36.000000,hy8_runs\hy8-Culvert-11-hw5.00-247e02,hy8_runs\hy8-Culvert-11-hw5.00-247e02\circular_hy8-Culvert-11-hw5.00-247e02.rst,6
Culvert-11-hw5.00,2,17.000000,0.483438,0.580126,0.580000,12.590000,2.620000,1-S2n,0.000000,25.000000,17.000000,11.100000,12.000000,11.000000,25.000000,0.040000,1,circular,1.200000,,,36.000000,hy8_runs\hy8-Culvert-11-hw5.00-247e02,hy8_runs\hy8-Culvert-11-hw5.00-247e02\circular_hy8-Culvert-11-hw5.00-247e02.rst,7
Culvert-11-hw5.00,2,17.000000,0.483438,0.676813,0.680000,12.640000,2.720000,1-S2n,0.000000,25.000000,17.000000,11.100000,12.000000,11.000000,25.000000,0.040000,1,circular,1.200000,,,36.000000,hy8_runs\hy8-Culvert-11-hw5.00-247e02,hy8_runs\hy8-Culvert-11-hw5.00-247e02\circular_hy8-Culvert-11-hw5.00-247e02.rst,8
Culvert-11-hw5.00,2,17.000000,0.483438,1.353626,1.350000,12.980000,3.330000,1-S2n,0.000000,25.000000,17.000000,11.100000,12.000000,11.000000,25.000000,0.040000,1,circular,1.200000,,,36.000000,hy8_runs\hy8-Culvert-11-hw5.00-247e02,hy8_runs\hy8-Culvert-11-hw5.00-247e02\circular_hy8-Culvert-11-hw5.00-247e02.rst,9
Culvert-11-hw5.00,2,17.000000,0.483438,2.707252,2.710000,13.760000,3.900000,5-S2n,0.000000,25.000000,17.000000,11.100000,12.000000,11.000000,25.000000,0.040000,1,circular,1.200000,,,36.000000,hy8_runs\hy8-Culvert-11-hw5.00-247e02,hy8_runs\hy8-Culvert-11-hw5.00-247e02\circular_hy8-Culvert-11-hw5.00-247e02.rst,10
Culvert-11-hw5.00,3,17.000000,0.483438,0.000000,0.000000,12.000000,0.000000,0-NF,0.000000,0.000000,17.000000,11.100000,12.000000,11.000000,25.000000,0.040000,1,circular,1.200000,,,36.000000,hy8_runs\hy8-Culvert-11-hw5.00-a8ef8e,hy8_runs\hy8-Culvert-11-hw5.00-a8ef8e\circular_hy8-Culvert-11-hw5.00-a8ef8e.rst,1
Culvert-11-hw5.00,3,17.000000,0.483438,0.290063,0.290000,12.410000,2.140000,1-S2n,0.000000,25.000000,17.000000,11.100000,12.000000,11.000000,25.000000,0.040000,1,circular,1.200000,,,36.000000,hy8_runs\hy8-Culvert-11-hw5.00-a8ef8e,hy8_runs\hy8-Culvert-11-hw5.00-a8ef8e\circular_hy8-Culvert-11-hw5.00-a8ef8e.rst,2
Culvert-11-hw5.00,3,17.000000,0.483438,0.386750,0.390000,12.470000,2.330000,1-S2n,0.000000,25.000000,17.000000,11.100000,12.000000,11.000000,25.000000,0.040000,1,circular,1.200000,,,36.000000,hy8_runs\hy8-Culvert-11-hw5.00-a8ef8e,hy8_runs\hy8-Culvert-11-hw5.00-a8ef8e\circular_hy8-Culvert-11-hw5.00-a8ef8e.rst,3
Culvert-11-hw5.00,3,17.000000,0.483438,0.435094,0.440000,12.500000,2.420000,1-S2n,0.000000,25.000000,17.000000,11.100000,12.000000,11.000000,25.000000,0.040000,1,circular,1.200000,,,36.000000,hy8_runs\hy8-Culvert-11-hw5.00-a8ef8e,hy8_runs\hy8-Culvert-11-hw5.00-a8ef8e\circular_hy8-Culvert-11-hw5.00-a8ef8e.rst,4
Culvert-11-hw5.00,3,17.000000,0.483438,0.483438,0.480000,12.530000,2.490000,1-S2n,0.000000,25.000000,17.000000,11.100000,12.000000,11.000000,25.000000,0.040000,1,circular,1.200000,,,36.000000,hy8_runs\hy8-Culvert-11-hw5.00-a8ef8e,hy8_runs\hy8-Culvert-11-hw5.00-a8ef8e\circular_hy8-Culvert-11-hw5.00-a8ef8e.rst,5
Culvert-11-hw5.00,3,17.000000,0.483438,0.531782,0.530000,12.560000,2.560000,1-S2n,0.000000,25.000000,17.000000,11.100000,12.000000,11.000000,25.000000,0.040000,1,circular,1.200000,,,36.000000,hy8_runs\hy8-Culvert-11-hw5.00-a8ef8e,hy8_runs\hy8-Culvert-11-hw5.00-a8ef8e\circular_hy8-Culvert-11-hw5.00-a8ef8e.rst,6
Culvert-11-hw5.00,3,17.000000,0.483438,0.580126,0.580000,12.590000,2.620000,1-S2n,0.000000,25.000000,17.000000,11.100000,12.000000,11.000000,25.000000,0.040000,1,circular,1.200000,,,36.000000,hy8_runs\hy8-Culvert-11-hw5.00-a8ef8e,hy8_runs\hy8-Culvert-11-hw5.00-a8ef8e\circular_hy8-Culvert-11-hw5.00-a8ef8e.rst,7
Culvert-11-hw5.00,3,17.000000,0.483438,0.676813,0.680000,12.640000,2.720000,1-S2n,0.000000,25.000000,17.000000,11.100000,12.000000,11.000000,25.000000,0.040000,1,circular,1.200000,,,36.000000,hy8_runs\hy8-Culvert-11-hw5.00-a8ef8e,hy8_runs\hy8-Culvert-11-hw5.00-a8ef8e\circular_hy8-Culvert-11-hw5.00-a8ef8e.rst,8
Culvert-11-hw5.00,3,17.000000,0.483438,1.353626,1.350000,12.980000,3.330000,1-S2n,0.000000,25.000000,17.000000,11.100000,12.000000,11.000000,25.000000,0.040000,1,circular,1.200000,,,36.000000,hy8_runs\hy8-Culvert-11-hw5.00-a8ef8e,hy8_runs\hy8-Culvert-11-hw5.00-a8ef8e\circular_hy8-Culvert-11-hw5.00-a8ef8e.rst,9
Culvert-11-hw5.00,3,17.000000,0.483438,2.707252,2.710000,13.760000,3.900000,5-S2n,0.000000,25.000000,17.000000,11.100000,12.000000,11.000000,25.000000,0.040000,1,circular,1.200000,,,36.000000,hy8_runs\hy8-Culvert-11-hw5.00-a8ef8e,hy8_runs\hy8-Culvert-11-hw5.00-a8ef8e\circular_hy8-Culvert-11-hw5.00-a8ef8e.rst,10
Culvert-11-hw5.00,3,17.000000,0.483438,5.414504,5.410000,16.890000,4.980000,7-M2c,24.890000,0.110000,17.000000,11.100000,12.000000,11.000000,25.000000,0.040000,1,circular,1.200000,,,36.000000,hy8_runs\hy8-Culvert-11-hw5.00-a8ef8e,hy8_runs\hy8-Culvert-11-hw5.00-a8ef8e\circular_hy8-Culvert-11-hw5.00-a8ef8e.rst,11
Culvert-11-hw5.00,4,17.000000,0.483438,0.000000,0.000000,12.000000,0.000000,0-NF,0.000000,0.000000,17.000000,11.100000,12.000000,11.000000,25.000000,0.040000,1,circular,1.200000,,,36.000000,hy8_runs\hy8-Culvert-11-hw5.00-d64f21,hy8_runs\hy8-Culvert-11-hw5.00-d64f21\circular_hy8-Culvert-11-hw5.00-d64f21.rst,1
Culvert-11-hw5.00,4,17.000000,0.483438,0.290063,0.290000,12.410000,2.140000,1-S2n,0.000000,25.000000,17.000000,11.100000,12.000000,11.000000,25.000000,0.040000,1,circular,1.200000,,,36.000000,hy8_runs\hy8-Culvert-11-hw5.00-d64f21,hy8_runs\hy8-Culvert-11-hw5.00-d64f21\circular_hy8-Culvert-11-hw5.00-d64f21.rst,2
Culvert-11-hw5.00,4,17.000000,0.483438,0.386750,0.390000,12.470000,2.330000,1-S2n,0.000000,25.000000,17.000000,11.100000,12.000000,11.000000,25.000000,0.040000,1,circular,1.200000,,,36.000000,hy8_runs\hy8-Culvert-11-hw5.00-d64f21,hy8_runs\hy8-Culvert-11-hw5.00-d64f21\circular_hy8-Culvert-11-hw5.00-d64f21.rst,3
Culvert-11-hw5.00,4,17.000000,0.483438,0.435094,0.440000,12.500000,2.420000,1-S2n,0.000000,25.000000,17.000000,11.100000,12.000000,11.000000,25.000000,0.040000,1,circular,1.200000,,,36.000000,hy8_runs\hy8-Culvert-11-hw5.00-d64f21,hy8_runs\hy8-Culvert-11-hw5.00-d64f21\circular_hy8-Culvert-11-hw5.00-d64f21.rst,4
Culvert-11-hw5.00,4,17.000000,0.483438,0.483438,0.480000,12.530000,2.490000,1-S2n,0.000000,25.000000,17.000000,11.100000,12.000000,11.000000,25.000000,0.040000,1,circular,1.200000,,,36.000000,hy8_runs\hy8-Culvert-11-hw5.00-d64f21,hy8_runs\hy8-Culvert-11-hw5.00-d64f21\circular_hy8-Culvert-11-hw5.00-d64f21.rst,5
Culvert-11-hw5.00,4,17.000000,0.483438,0.531782,0.530000,12.560000,2.560000,1-S2n,0.000000,25.000000,17.000000,11.100000,12.000000,11.000000,25.000000,0.040000,1,circular,1.200000,,,36.000000,hy8_runs\hy8-Culvert-11-hw5.00-d64f21,hy8_runs\hy8-Culvert-11-hw5.00-d64f21\circular_hy8-Culvert-11-hw5.00-d64f21.rst,6
Culvert-11-hw5.00,4,17.000000,0.483438,0.580126,0.580000,12.590000,2.620000,1-S2n,0.000000,25.000000,17.000000,11.100000,12.000000,11.000000,25.000000,0.040000,1,circular,1.200000,,,36.000000,hy8_runs\hy8-Culvert-11-hw5.00-d64f21,hy8_runs\hy8-Culvert-11-hw5.00-d64f21\circular_hy8-Culvert-11-hw5.00-d64f21.rst,7
Culvert-11-hw5.00,4,17.000000,0.483438,0.676813,0.680000,12.640000,2.720000,1-S2n,0.000000,25.000000,17.000000,11.100000,12.000000,11.000000,25.000000,0.040000,1,circular,1.200000,,,36.000000,hy8_runs\hy8-Culvert-11-hw5.00-d64f21,hy8_runs\hy8-Culvert-11-hw5.00-d64f21\circular_hy8-Culvert-11-hw5.00-d64f21.rst,8
Culvert-11-hw5.00,4,17.000000,0.483438,1.353626,1.350000,12.980000,3.330000,1-S2n,0.000000,25.000000,17.000000,11.100000,12.000000,11.000000,25.000000,0.040000,1,circular,1.200000,,,36.000000,hy8_runs\hy8-Culvert-11-hw5.00-d64f21,hy8_runs\hy8-Culvert-11-hw5.00-d64f21\circular_hy8-Culvert-11-hw5.00-d64f21.rst,9
Culvert-11-hw5.00,4,17.000000,0.483438,2.707252,2.710000,13.760000,3.900000,5-S2n,0.000000,25.000000,17.000000,11.100000,12.000000,11.000000,25.000000,0.040000,1,circular,1.200000,,,36.000000,hy8_runs\hy8-Culvert-11-hw5.00-d64f21,hy8_runs\hy8-Culvert-11-hw5.00-d64f21\circular_hy8-Culvert-11-hw5.00-d64f21.rst,10
Culvert-11-hw5.00,4,17.000000,0.483438,5.414504,5.410000,16.890000,4.980000,7-M2c,24.890000,0.110000,17.000000,11.100000,12.000000,11.000000,25.000000,0.040000,1,circular,1.200000,,,36.000000,hy8_runs\hy8-Culvert-11-hw5.00-d64f21,hy8_runs\hy8-Culvert-11-hw5.00-d64f21\circular_hy8-Culvert-11-hw5.00-d64f21.rst,11
Culvert-11-hw5.00,4,17.000000,0.483438,10.829008,10.830000,29.760000,9.570000,6-FFc,25.020000,0.000000,17.000000,11.100000,12.000000,11.000000,25.000000,0.040000,1,circular,1.200000,,,36.000000,hy8_runs\hy8-Culvert-11-hw5.00-d64f21,hy8_runs\hy8-Culvert-11-hw5.00-d64f21\circular_hy8-Culvert-11-hw5.00-d64f21.rst,12
Culvert-11-Q5.00,0,12.000000,5.000000,0.000000,0.000000,12.000000,0.000000,0-NF,0.000000,0.000000,12.000000,11.100000,12.000000,11.000000,25.000000,0.040000,1,circular,1.200000,,,36.000000,hy8_runs\hy8-Culvert-11-Q5.00-1b7c39,hy8_runs\hy8-Culvert-11-Q5.00-1b7c39\circular_hy8-Culvert-11-Q5.00-1b7c39.rst,1
Culvert-11-Q5.00,0,12.000000,5.000000,3.000000,3.000000,13.980000,4.060000,5-S2n,0.000000,25.000000,12.000000,11.100000,12.000000,11.000000,25.000000,0.040000,1,circular,1.200000,,,36.000000,hy8_runs\hy8-Culvert-11-Q5.00-1b7c39,hy8_runs\hy8-Culvert-11-Q5.00-1b7c39\circular_hy8-Culvert-11-Q5.00-1b7c39.rst,2
Culvert-11-Q5.00,0,12.000000,5.000000,4.250000,4.250000,15.250000,4.240000,5-S2n,0.000000,25.000000,12.000000,11.100000,12.000000,11.000000,25.000000,0.040000,1,circular,1.200000,,,36.000000,hy8_runs\hy8-Culvert-11-Q5.00-1b7c39,hy8_runs\hy8-Culvert-11-Q5.00-1b7c39\circular_hy8-Culvert-11-Q5.00-1b7c39.rst,3
Culvert-11-Q5.00,0,12.000000,5.000000,5.000000,5.000000,16.260000,4.510000,7-M2c,23.120000,1.880000,12.000000,11.100000,12.000000,11.000000,25.000000,0.040000,1,circular,1.200000,,,36.000000,hy8_runs\hy8-Culvert-11-Q5.00-1b7c39,hy8_runs\hy8-Culvert-11-Q5.00-1b7c39\circular_hy8-Culvert-11-Q5.00-1b7c39.rst,4
Culvert-11-Q5.00,0,12.000000,5.000000,5.750000,5.750000,17.440000,5.150000,7-M2c,24.590000,0.410000,12.000000,11.100000,12.000000,11.000000,25.000000,0.040000,1,circular,1.200000,,,36.000000,hy8_runs\hy8-Culvert-11-Q5.00-1b7c39,hy8_runs\hy8-Culvert-11-Q5.00-1b7c39\circular_hy8-Culvert-11-Q5.00-1b7c39.rst,5
Culvert-12-hw5.00,0,15.000000,0.378105,0.000000,0.000000,10.100000,0.000000,0-NF,0.000000,0.000000,15.000000,10.100000,10.000000,10.000000,20.000000,0.000000,1,circular,0.900000,,,28.000000,hy8_runs\hy8-Culvert-12-hw5.00-6906b3,hy8_runs\hy8-Culvert-12-hw5.00-6906b3\circular_hy8-Culvert-12-hw5.00-6906b3.rst,1
Culvert-12-hw5.00,0,15.000000,0.378105,0.226863,0.230000,10.430000,1.390000,7-H2c,0.000000,20.000000,15.000000,10.100000,10.000000,10.000000,20.000000,0.000000,1,circular,0.900000,,,28.000000,hy8_runs\hy8-Culvert-12-hw5.00-6906b3,hy8_runs\hy8-Culvert-12-hw5.00-6906b3\circular_hy8-Culvert-12-hw5.00-6906b3.rst,2
Culvert-12-hw5.00,0,15.000000,0.378105,0.302484,0.300000,10.500000,1.510000,7-H2c,0.000000,20.000000,15.000000,10.100000,10.000000,10.000000,20.000000,0.000000,1,circular,0.900000,,,28.000000,hy8_runs\hy8-Culvert-12-hw5.00-6906b3,hy8_runs\hy8-Culvert-12-hw5.00-6906b3\circular_hy8-Culvert-12-hw5.00-6906b3.rst,3
Culvert-12-hw5.00,0,15.000000,0.378105,0.340295,0.340000,10.530000,1.570000,7-H2c,0.000000,20.000000,15.000000,10.100000,10.000000,10.000000,20.000000,0.000000,1,circular,0.900000,,,28.000000,hy8_runs\hy8-Culvert-12-hw5.00-6906b3,hy8_runs\hy8-Culvert-12-hw5.00-6906b3\circular_hy8-Culvert-12-hw5.00-6906b3.rst,4
Culvert-12-hw5.00,0,15.000000,0.378105,0.378105,0.380000,10.560000,1.620000,7-H2c,0.000000,20.000000,15.000000,10.100000,10.000000,10.000000,20.000000,0.000000,1,circular,0.900000,,,28.000000,hy8_runs\hy8-Culvert-12-hw5.00-6906b3,hy8_runs\hy8-Culvert-12-hw5.00-6906b3\circular_hy8-Culvert-12-hw5.00-6906b3.rst,5
Culvert-12-hw5.00,0,15.000000,0.378105,0.415916,0.420000,10.590000,1.660000,7-H2c,0.000000,20.000000,15.000000,10.100000,10.000000,10.000000,20.000000,0.000000,1,circular,0.900000,,,28.000000,hy8_runs\hy8-Culvert-12-hw5.00-6906b3,hy8_runs\hy8-Culvert-12-hw5.00-6906b3\circular_hy8-Culvert-12-hw5.00-6906b3.rst,6
Culvert-12-hw5.00,0,15.000000,0.378105,0.453726,0.450000,10.620000,1.710000,7-H2c,0.000000,20.000000,15.000000,10.100000,10.000000,10.000000,20.000000,0.000000,1,circular,0.900000,,,28.000000,hy8_runs\hy8-Culvert-12-hw5.00-6906b3,hy8_runs\hy8-Culvert-12-hw5.00-6906b3\circular_hy8-Culvert-12-hw5.00-6906b3.rst,7
Culvert-12-hw5.00,0,15.000000,0.378105,0.529347,0.530000,10.670000,1.790000,7-H2c,0.000000,20.000000,15.000000,10.100000,10.000000,10.000000,20.000000,0.000000,1,circular,0.900000,,,28.000000,hy8_runs\hy8-Culvert-12-hw5.00-6906b3,hy8_runs\hy8-Culvert-12-hw5.00-6906b3\circular_hy8-Culvert-12-hw5.00-6906b3.rst,8
Culvert-12-hw5.00,1,15.000000,0.378105,0.000000,0.000000,10.100000,0.000000,0-NF,0.000000,0.000000,15.000000,10.100000,10.000000,10.000000,20.000000,0.000000,1,circular,0.900000,,,28.000000,hy8_runs\hy8-Culvert-12-hw5.00-b828f9,hy8_runs\hy8-Culvert-12-hw5.00-b828f9\circular_hy8-Culvert-12-hw5.00-b828f9.rst,1
Culvert-12-hw5.00,1,15.000000,0.378105,0.226863,0.230000,10.430000,1.390000,7-H2c,0.000000,20.000000,15.000000,10.100000,10.000000,10.000000,20.000000,0.000000,1,circular,0.900000,,,28.000000,hy8_runs\hy8-Culvert-12-hw5.00-b828f9,hy8_runs\hy8-Culvert-12-hw5.00-b828f9\circular_hy8-Culvert-12-hw5.00-b828f9.rst,2
Culvert-12-hw5.00,1,15.000000,0.378105,0.302484,0.300000,10.500000,1.510000,7-H2c,0.000000,20.000000,15.000000,10.100000,10.000000,10.000000,20.000000,0.000000,1,circular,0.900000,,,28.000000,hy8_runs\hy8-Culvert-12-hw5.00-b828f9,hy8_runs\hy8-Culvert-12-hw5.00-b828f9\circular_hy8-Culvert-12-hw5.00-b828f9.rst,3
Culvert-12-hw5.00,1,15.000000,0.378105,0.340295,0.340000,10.530000,1.570000,7-H2c,0.000000,20.000000,15.000000,10.100000,10.000000,10.000000,20.000000,0.000000,1,circular,0.900000,,,28.000000,hy8_runs\hy8-Culvert-12-hw5.00-b828f9,hy8_runs\hy8-Culvert-12-hw5.00-b828f9\circular_hy8-Culvert-12-hw5.00-b828f9.rst,4
Culvert-12-hw5.00,1,15.000000,0.378105,0.378105,0.380000,10.560000,1.620000,7-H2c,0.000000,20.000000,15.000000,10.100000,10.000000,10.000000,20.000000,0.000000,1,circular,0.900000,,,28.000000,hy8_runs\hy8-Culvert-12-hw5.00-b828f9,hy8_runs\hy8-Culvert-12-hw5.00-b828f9\circular_hy8-Culvert-12-hw5.00-b828f9.rst,5
Culvert-12-hw5.00,1,15.000000,0.378105,0.415916,0.420000,10.590000,1.660000,7-H2c,0.000000,20.000000,15.000000,10.100000,10.000000,10.000000,20.000000,0.000000,1,circular,0.900000,,,28.000000,hy8_runs\hy8-Culvert-12-hw5.00-b828f9,hy8_runs\hy8-Culvert-12-hw5.00-b828f9\circular_hy8-Culvert-12-hw5.00-b828f9.rst,6
Culvert-12-hw5.00,1,15.000000,0.378105,0.453726,0.450000,10.620000,1.710000,7-H2c,0.000000,20.000000,15.000000,10.100000,10.000000,10.000000,20.000000,0.000000,1,circular,0.900000,,,28.000000,hy8_runs\hy8-Culvert-12-hw5.00-b828f9,hy8_runs\hy8-Culvert-12-hw5.00-b828f9\circular_hy8-Culvert-12-hw5.00-b828f9.rst,7
Culvert-12-hw5.00,1,15.000000,0.378105,0.529347,0.530000,10.670000,1.790000,7-H2c,0.000000,20.000000,15.000000,10.100000,10.000000,10.000000,20.000000,0.000000,1,circular,0.900000,,,28.000000,hy8_runs\hy8-Culvert-12-hw5.00-b828f9,hy8_runs\hy8-Culvert-12-hw5.00-b828f9\circular_hy8-Culvert-12-hw5.00-b828f9.rst,8
Culvert-12-hw5.00,1,15.000000,0.378105,1.058694,1.060000,11.030000,2.310000,7-H2c,0.000000,20.000000,15.000000,10.100000,10.000000,10.000000,20.000000,0.000000,1,circular,0.900000,,,28.000000,hy8_runs\hy8-Culvert-12-hw5.00-b828f9,hy8_runs\hy8-Culvert-12-hw5.00-b828f9\circular_hy8-Culvert-12-hw5.00-b828f9.rst,9
Culvert-12-Q5.00,0,10.000000,5.000000,0.000000,0.000000,10.100000,0.000000,0-NF,0.000000,0.000000,10.000000,10.100000,10.000000,10.000000,20.000000,0.000000,1,circular,0.900000,,,28.000000,hy8_runs\hy8-Culvert-12-Q5.00-75f586,hy8_runs\hy8-Culvert-12-Q5.00-75f586\circular_hy8-Culvert-12-Q5.00-75f586.rst,1
Culvert-12-Q5.00,0,10.000000,5.000000,3.000000,3.000000,13.560000,4.720000,7-H2t,0.000000,20.000000,10.000000,10.100000,10.000000,10.000000,20.000000,0.000000,1,circular,0.900000,,,28.000000,hy8_runs\hy8-Culvert-12-Q5.00-75f586,hy8_runs\hy8-Culvert-12-Q5.00-75f586\circular_hy8-Culvert-12-Q5.00-75f586.rst,2
Culvert-12-Q5.00,0,10.000000,5.000000,4.250000,4.250000,16.690000,6.680000,7-H2t,0.000000,20.000000,10.000000,10.100000,10.000000,10.000000,20.000000,0.000000,1,circular,0.900000,,,28.000000,hy8_runs\hy8-Culvert-12-Q5.00-75f586,hy8_runs\hy8-Culvert-12-Q5.00-75f586\circular_hy8-Culvert-12-Q5.00-75f586.rst,3
Culvert-12-Q5.00,0,10.000000,5.000000,5.000000,5.000000,19.090000,7.860000,7-H2t,0.000000,20.000000,10.000000,10.100000,10.000000,10.000000,20.000000,0.000000,1,circular,0.900000,,,28.000000,hy8_runs\hy8-Culvert-12-Q5.00-75f586,hy8_runs\hy8-Culvert-12-Q5.00-75f586\circular_hy8-Culvert-12-Q5.00-75f586.rst,4
Culvert-12-Q5.00,0,10.000000,5.000000,5.750000,5.750000,21.870000,9.040000,7-H2t,0.000000,20.000000,10.000000,10.100000,10.000000,10.000000,20.000000,0.000000,1,circular,0.900000,,,28.000000,hy8_runs\hy8-Culvert-12-Q5.00-75f586,hy8_runs\hy8-Culvert-12-Q5.00-75f586\circular_hy8-Culvert-12-Q5.00-75f586.rst,5
Culvert-13-hw5.00,0,305.000000,7.779422,0.000000,0.000000,300.000000,0.000000,0-NF,0.000000,0.000000,305.000000,299.200000,300.000000,299.000000,45.000000,0.022222,6,circular,1.200000,,,324.000000,hy8_runs\hy8-Culvert-13-hw5.00-e70188,hy8_runs\hy8-Culvert-13-hw5.00-e70188\circular_hy8-Culvert-13-hw5.00-e70188.rst,1
Culvert-13-hw5.00,0,305.000000,7.779422,4.667653,4.670000,300.710000,2.310000,1-S2n,0.000000,45.000000,305.000000,299.200000,300.000000,299.000000,45.000000,0.022222,6,circular,1.200000,,,324.000000,hy8_runs\hy8-Culvert-13-hw5.00-e70188,hy8_runs\hy8-Culvert-13-hw5.00-e70188\circular_hy8-Culvert-13-hw5.00-e70188.rst,2
Culvert-13-hw5.00,0,305.000000,7.779422,6.223538,6.220000,300.840000,2.500000,1-S2n,0.000000,45.000000,305.000000,299.200000,300.000000,299.000000,45.000000,0.022222,6,circular,1.200000,,,324.000000,hy8_runs\hy8-Culvert-13-hw5.00-e70188,hy8_runs\hy8-Culvert-13-hw5.00-e70188\circular_hy8-Culvert-13-hw5.00-e70188.rst,3
Culvert-13-hw5.00,0,305.000000,7.779422,7.001480,7.000000,300.900000,2.580000,1-S2n,0.000000,45.000000,305.000000,299.200000,300.000000,299.000000,45.000000,0.022222,6,circular,1.200000,,,324.000000,hy8_runs\hy8-Culvert-13-hw5.00-e70188,hy8_runs\hy8-Culvert-13-hw5.00-e70188\circular_hy8-Culvert-13-hw5.00-e70188.rst,4
Culvert-13-hw5.00,0,305.000000,7.779422,7.779422,7.780000,300.970000,2.650000,1-S2n,0.000000,45.000000,305.000000,299.200000,300.000000,299.000000,45.000000,0.022222,6,circular,1.200000,,,324.000000,hy8_runs\hy8-Culvert-13-hw5.00-e70188,hy8_runs\hy8-Culvert-13-hw5.00-e70188\circular_hy8-Culvert-13-hw5.00-e70188.rst,5
Culvert-13-hw5.00,0,305.000000,7.779422,8.557364,8.560000,301.030000,2.720000,1-S2n,0.000000,45.000000,305.000000,299.200000,300.000000,299.000000,45.000000,0.022222,6,circular,1.200000,,,324.000000,hy8_runs\hy8-Culvert-13-hw5.00-e70188,hy8_runs\hy8-Culvert-13-hw5.00-e70188\circular_hy8-Culvert-13-hw5.00-e70188.rst,6
Culvert-13-hw5.00,0,305.000000,7.779422,9.335306,9.340000,301.090000,2.780000,1-S2n,0.000000,45.000000,305.000000,299.200000,300.000000,299.000000,45.000000,0.022222,6,circular,1.200000,,,324.000000,hy8_runs\hy8-Culvert-13-hw5.00-e70188,hy8_runs\hy8-Culvert-13-hw5.00-e70188\circular_hy8-Culvert-13-hw5.00-e70188.rst,7
Culvert-13-hw5.00,0,305.000000,7.779422,10.891191,10.890000,301.230000,2.890000,5-S2n,0.000000,45.000000,305.000000,299.200000,300.000000,299.000000,45.000000,0.022222,6,circular,1.200000,,,324.000000,hy8_runs\hy8-Culvert-13-hw5.00-e70188,hy8_runs\hy8-Culvert-13-hw5.00-e70188\circular_hy8-Culvert-13-hw5.00-e70188.rst,8
Culvert-13-hw5.00,1,305.000000,7.779422,0.000000,0.000000,300.000000,0.000000,0-NF,0.000000,0.000000,305.000000,299.200000,300.000000,299.000000,45.000000,0.022222,6,circular,1.200000,,,324.000000,hy8_runs\hy8-Culvert-13-hw5.00-874089,hy8_runs\hy8-Culvert-13-hw5.00-874089\circular_hy8-Culvert-13-hw5.00-874089.rst,1
Culvert-13-hw5.00,1,305.000000,7.779422,4.667653,4.670000,300.710000,2.310000,1-S2n,0.000000,45.000000,305.000000,299.200000,300.000000,299.000000,45.000000,0.022222,6,circular,1.200000,,,324.000000,hy8_runs\hy8-Culvert-13-hw5.00-874089,hy8_runs\hy8-Culvert-13-hw5.00-874089\circular_hy8-Culvert-13-hw5.00-874089.rst,2
Culvert-13-hw5.00,1,305.000000,7.779422,6.223538,6.220000,300.840000,2.500000,1-S2n,0.000000,45.000000,305.000000,299.200000,300.000000,299.000000,45.000000,0.022222,6,circular,1.200000,,,324.000000,hy8_runs\hy8-Culvert-13-hw5.00-874089,hy8_runs\hy8-Culvert-13-hw5.00-874089\circular_hy8-Culvert-13-hw5.00-874089.rst,3
Culvert-13-hw5.00,1,305.000000,7.779422,7.001480,7.000000,300.900000,2.580000,1-S2n,0.000000,45.000000,305.000000,299.200000,300.000000,299.000000,45.000000,0.022222,6,circular,1.200000,,,324.000000,hy8_runs\hy8-Culvert-13-hw5.00-874089,hy8_runs\hy8-Culvert-13-hw5.00-874089\circular_hy8-Culvert-13-hw5.00-874089.rst,4
Culvert-13-hw5.00,1,305.000000,7.779422,7.779422,7.780000,300.970000,2.650000,1-S2n,0.000000,45.000000,305.000000,299.200000,300.000000,299.000000,45.000000,0.022222,6,circular,1.200000,,,324.000000,hy8_runs\hy8-Culvert-13-hw5.00-874089,hy8_runs\hy8-Culvert-13-hw5.00-874089\circular_hy8-Culvert-13-hw5.00-874089.rst,5
Culvert-13-hw5.00,1,305.000000,7.779422,8.557364,8.560000,301.030000,2.720000,1-S2n,0.000000,45.000000,305.000000,299.200000,300.000000,299.000000,45.000000,0.022222,6,circular,1.200000,,,324.000000,hy8_runs\hy8-Culvert-13-hw5.00-874089,hy8_runs\hy8-Culvert-13-hw5.00-874089\circular_hy8-Culvert-13-hw5.00-874089.rst,6
Culvert-13-hw5.00,1,305.000000,7.779422,9.335306,9.340000,301.090000,2.780000,1-S2n,0.000000,45.000000,305.000000,299.200000,300.000000,299.000000,45.000000,0.022222,6,circular,1.200000,,,324.000000,hy8_runs\hy8-Culvert-13-hw5.00-874089,hy8_runs\hy8-Culvert-13-hw5.00-874089\circular_hy8-Culvert-13-hw5.00-874089.rst,7
Culvert-13-hw5.00,1,305.000000,7.779422,10.891191,10.890000,301.230000,2.890000,5-S2n,0.000000,45.000000,305.000000,299.200000,300.000000,299.000000,45.000000,0.022222,6,circular,1.200000,,,324.000000,hy8_runs\hy8-Culvert-13-hw5.00-874089,hy8_runs\hy8-Culvert-13-hw5.00-874089\circular_hy8-Culvert-13-hw5.00-874089.rst,8
Culvert-13-hw5.00,1,305.000000,7.779422,21.782382,21.780000,302.560000,3.500000,7-M2c,28.570000,16.430000,305.000000,299.200000,300.000000,299.000000,45.000000,0.022222,6,circular,1.200000,,,324.000000,hy8_runs\hy8-Culvert-13-hw5.00-874089,hy8_runs\hy8-Culvert-13-hw5.00-874089\circular_hy8-Culvert-13-hw5.00-874089.rst,9
Culvert-13-hw5.00,2,305.000000,7.779422,0.000000,0.000000,300.000000,0.000000,0-NF,0.000000,0.000000,305.000000,299.200000,300.000000,299.000000,45.000000,0.022222,6,circular,1.200000,,,324.000000,hy8_runs\hy8-Culvert-13-hw5.00-e33072,hy8_runs\hy8-Culvert-13-hw5.00-e33072\circular_hy8-Culvert-13-hw5.00-e33072.rst,1
Culvert-13-hw5.00,2,305.000000,7.779422,4.667653,4.670000,300.710000,2.310000,1-S2n,0.000000,45.000000,305.000000,299.200000,300.000000,299.000000,45.000000,0.022222,6,circular,1.200000,,,324.000000,hy8_runs\hy8-Culvert-13-hw5.00-e33072,hy8_runs\hy8-Culvert-13-hw5.00-e33072\circular_hy8-Culvert-13-hw5.00-e33072.rst,2
Culvert-13-hw5.00,2,305.000000,7.779422,6.223538,6.220000,300.840000,2.500000,1-S2n,0.000000,45.000000,305.000000,299.200000,300.000000,299.000000,45.000000,0.022222,6,circular,1.200000,,,324.000000,hy8_runs\hy8-Culvert-13-hw5.00-e33072,hy8_runs\hy8-Culvert-13-hw5.00-e33072\circular_hy8-Culvert-13-hw5.00-e33072.rst,3
Culvert-13-hw5.00,2,305.000000,7.779422,7.001480,7.000000,300.900000,2.580000,1-S2n,0.000000,45.000000,305.000000,299.200000,300.000000,299.000000,45.000000,0.022222,6,circular,1.200000,,,324.000000,hy8_runs\hy8-Culvert-13-hw5.00-e33072,hy8_runs\hy8-Culvert-13-hw5.00-e33072\circular_hy8-Culvert-13-hw5.00-e33072.rst,4
Culvert-13-hw5.00,2,305.000000,7.779422,7.779422,7.780000,300.970000,2.650000,1-S2n,0.000000,45.000000,305.000000,299.200000,300.000000,299.000000,45.000000,0.022222,6,circular,1.200000,,,324.000000,hy8_runs\hy8-Culvert-13-hw5.00-e33072,hy8_runs\hy8-Culvert-13-hw5.00-e33072\circular_hy8-Culvert-13-hw5.00-e33072.rst,5
Culvert-13-hw5.00,2,305.000000,7.779422,8.557364,8.560000,301.030000,2.720000,1-S2n,0.000000,45.000000,305.000000,299.200000,300.000000,299.000000,45.000000,0.022222,6,circular,1.200000,,,324.000000,hy8_runs\hy8-Culvert-13-hw5.00-e33072,hy8_runs\hy8-Culvert-13-hw5.00-e33072\circular_hy8-Culvert-13-hw5.00-e33072.rst,6
Culvert-13-hw5.00,2,305.000000,7.779422,9.335306,9.340000,301.090000,2.780000,1-S2n,0.000000,45.000000,305.000000,299.200000,300.000000,299.000000,45.000000,0.022222,6,circular,1.200000,,,324.000000,hy8_runs\hy8-Culvert-13-hw5.00-e33072,hy8_runs\hy8-Culvert-13-hw5.00-e33072\circular_hy8-Culvert-13-hw5.00-e33072.rst,7
Culvert-13-hw5.00,2,305.000000,7.779422,10.891191,10.890000,301.230000,2.890000,5-S2n,0.000000,45.000000,305.000000,299.200000,300.000000,299.000000,45.000000,0.022222,6,circular,1.200000,,,324.000000,hy8_runs\hy8-Culvert-13-hw5.00-e33072,hy8_runs\hy8-Culvert-13-hw5.00-e33072\circular_hy8-Culvert-13-hw5.00-e33072.rst,8
Culvert-13-hw5.00,2,305.000000,7.779422,21.782382,21.780000,302.560000,3.500000,7-M2c,28.570000,16.430000,305.000000,299.200000,300.000000,299.000000,45.000000,0.022222,6,circular,1.200000,,,324.000000,hy8_runs\hy8-Culvert-13-hw5.00-e33072,hy8_runs\hy8-Culvert-13-hw5.00-e33072\circular_hy8-Culvert-13-hw5.00-e33072.rst,9
Culvert-13-hw5.00,2,305.000000,7.779422,43.564764,43.560000,309.480000,6.420000,6-FFc,45.010000,0.000000,305.000000,299.200000,300.000000,299.000000,45.000000,0.022222,6,circular,1.200000,,,324.000000,hy8_runs\hy8-Culvert-13-hw5.00-e33072,hy8_runs\hy8-Culvert-13-hw5.00-e33072\circular_hy8-Culvert-13-hw5.00-e33072.rst,10
Culvert-13-Q25.00,0,300.000000,25.000000,0.000000,0.000000,300.000000,0.000000,0-NF,0.000000,0.000000,300.000000,299.200000,300.000000,299.000000,45.000000,0.022222,6,circular,1.200000,,,324.000000,hy8_runs\hy8-Culvert-13-Q25.00-34e165,hy8_runs\hy8-Culvert-13-Q25.00-34e165\circular_hy8-Culvert-13-Q25.00-34e165.rst,1
Culvert-13-Q25.00,0,300.000000,25.000000,15.000000,15.000000,301.630000,3.090000,5-S2n,0.000000,45.000000,300.000000,299.200000,300.000000,299.000000,45.000000,0.022222,6,circular,1.200000,,,324.000000,hy8_runs\hy8-Culvert-13-Q25.00-34e165,hy8_runs\hy8-Culvert-13-Q25.00-34e165\circular_hy8-Culvert-13-Q25.00-34e165.rst,2
Culvert-13-Q25.00,0,300.000000,25.000000,21.250000,21.250000,302.480000,3.450000,7-M2c,18.480000,26.520000,300.000000,299.200000,300.000000,299.000000,45.000000,0.022222,6,circular,1.200000,,,324.000000,hy8_runs\hy8-Culvert-13-Q25.00-34e165,hy8_runs\hy8-Culvert-13-Q25.00-34e165\circular_hy8-Culvert-13-Q25.00-34e165.rst,3
Culvert-13-Q25.00,0,300.000000,25.000000,25.000000,25.000000,303.200000,3.870000,7-M2c,41.680000,3.320000,300.000000,299.200000,300.000000,299.000000,45.000000,0.022222,6,circular,1.200000,,,324.000000,hy8_runs\hy8-Culvert-13-Q25.00-34e165,hy8_runs\hy8-Culvert-13-Q25.00-34e165\circular_hy8-Culvert-13-Q25.00-34e165.rst,4
Culvert-13-Q25.00,0,300.000000,25.000000,28.750000,28.750000,304.210000,4.350000,7-M2c,44.020000,0.980000,300.000000,299.200000,300.000000,299.000000,45.000000,0.022222,6,circular,1.200000,,,324.000000,hy8_runs\hy8-Culvert-13-Q25.00-34e165,hy8_runs\hy8-Culvert-13-Q25.00-34e165\circular_hy8-Culvert-13-Q25.00-34e165.rst,5
